# n=64 nu=0.05 c=1 sigma=0.35 x0=1.5707963268 dt=0.0560000000 steps=107 t_end=5.9920000000
0.0000000000e0 4.2287251553e-5 1.4316872506e-4 4.4803982323e-4 1.2960293548e-3 3.4653158166e-3 8.5644714252e-3 1.9565370215e-2 4.1314769746e-2 8.0640342712e-2 1.4548866349e-1 2.4262508760e-1 3.7400035764e-1 5.3289063889e-1 7.0183322872e-1 8.5439662233e-1 9.6142382620e-1 1.0000000000e0 9.6142382620e-1 8.5439662233e-1 7.0183322872e-1 5.3289063889e-1 3.7400035764e-1 2.4262508760e-1 1.4548866349e-1 8.0640342712e-2 4.1314769746e-2 1.9565370215e-2 8.5644714252e-3 3.4653158166e-3 1.2960293548e-3 4.4803982323e-4 1.4316872506e-4 4.2287251553e-5 1.1545175055e-5 2.9135424281e-6 6.7962904796e-7 1.4653868165e-7 2.9205348218e-8 5.3802475555e-9 9.1616118979e-10 1.4420199980e-10 2.0979756224e-11 2.8213655119e-12 3.5070990391e-13 4.0296420413e-14 4.2797132249e-15 4.2013864464e-16 3.8124166080e-17 3.1977008833e-18 3.8124166080e-17 4.2013864464e-16 4.2797132249e-15 4.0296420413e-14 3.5070990391e-13 2.8213655119e-12 2.0979756224e-11 1.4420199980e-10 9.1616118979e-10 5.3802475555e-9 2.9205348218e-8 1.4653868165e-7 6.7962904796e-7 2.9135424281e-6 1.1545175055e-5
5.6000000000e-2 3.1928073126e-5 1.0697939798e-4 3.3246843776e-4 9.5834763061e-4 2.5622284447e-3 6.3538175710e-3 1.4614164650e-2 3.1177124708e-2 6.1690956518e-2 1.1322202387e-1 1.9273685968e-1 3.0431502329e-1 4.4566321713e-1 6.0536140697e-1 7.6268768036e-1 8.9125539651e-1 9.6600734974e-1 9.7113821766e-1 9.0553215965e-1 7.8315772224e-1 6.2822888477e-1 4.6742407114e-1 3.2257457949e-1 2.0647918783e-1 1.2258855297e-1 6.7507177505e-2 3.4480446756e-2 1.6334725148e-2 7.1772067804e-3 2.9247379038e-3 1.1053073809e-3 3.8735871613e-4 1.2587499117e-4 3.7924076597e-5 1.0592182453e-5 2.7421318648e-6 6.5789099200e-7 1.4625343854e-7 3.0120569198e-8 5.7456529037e-9 1.0149530880e-9 1.6599402519e-10 2.5129787288e-11 3.5207452492e-12 4.5649149881e-13 5.4658081369e-14 6.1317180023e-15 5.8109723999e-16 8.4021937076e-17 3.7735588021e-17 5.3826637446e-16 5.0724124645e-15 4.5042253769e-14 3.7256249772e-13 2.8557303192e-12 2.0305479515e-11 1.3391307402e-10 8.1913833634e-10 4.6474497452e-9 2.4456607496e-8 1.1937193907e-7 5.4042205179e-7 2.2692828571e-6 8.8382987146e-6
1.1200000000e-1 2.4086629070e-5 7.9941023640e-5 2.4686199517e-4 7.0929822859e-4 1.8962396294e-3 4.7167977616e-3 1.0916700054e-2 2.3508575334e-2 4.7103479786e-2 8.7815748768e-2 1.5232999389e-1 2.4586268586e-1 3.6922762424e-1 5.1592890565e-1 6.7077826170e-1 8.1144779903e-1 9.1334241234e-1 9.5652688713e-1 9.3207474728e-1 8.4507335060e-1 7.1290068076e-1 5.5957229535e-1 4.0867498864e-1 2.7771338749e-1 1.7559578441e-1 1.0330703479e-1 5.6551153667e-2 2.8803268909e-2 1.3649538323e-2 6.0179648579e-3 2.4683531696e-3 9.4178260076e-4 3.3421614001e-4 1.1029913464e-4 3.3845847888e-5 9.6545891924e-6 2.5594682595e-6 6.3042319417e-7 1.4422731546e-7 3.0637337016e-8 6.0407167985e-9 1.1050911522e-9 1.8750513949e-10 2.9495859013e-11 4.3001460786e-12 5.8065910189e-13 7.2721562752e-14 8.2987755882e-15 9.8448682492e-16 6.3996988483e-17 7.7296752187e-16 5.5884441263e-15 4.8895911902e-14 3.8409342209e-13 2.8183086978e-12 1.9231931598e-11 1.2211884035e-10 7.2148787544e-10 3.9661445490e-9 2.0286230388e-8 9.6544662462e-8 4.2751321939e-7 1.7614285300e-6 6.7526483887e-6
1.6800000000e-1 1.8158446094e-5 5.9740744517e-5 1.8340513262e-4 5.2541242486e-4 1.4045483482e-3 3.5036485691e-3 8.1555330112e-3 1.7714668090e-2 3.5905725924e-2 6.7911868341e-2 1.1986159682e-1 1.9740933524e-1 3.0339536373e-1 4.3511461572e-1 5.8230593077e-1 7.2719432975e-1 8.4742287566e-1 9.2150788717e-1 9.3507444845e-1 8.8540361885e-1 7.8232086566e-1 6.4502793294e-1 4.9627728992e-1 3.5630777634e-1 2.3871724674e-1 1.4924553927e-1 8.7071716509e-2 4.7403048932e-2 2.4081219232e-2 1.1414995062e-2 5.0485946158e-3 2.0831648958e-3 8.0183042362e-4 2.8785864449e-4 9.6367222726e-5 3.0076716500e-5 8.7490672124e-6 2.3712857589e-6 5.9860311668e-7 1.4068618255e-7 3.0770127903e-8 6.2598767516e-9 1.1839717899e-9 2.0807813783e-10 3.3961206649e-11 5.1448368783e-12 7.2298155675e-13 9.4258459404e-14 1.1281287274e-14 1.4346413273e-15 7.6357688545e-16 6.4593770817e-15 5.1067804198e-14 3.8625702472e-13 2.7196440658e-12 1.7872925949e-11 1.0960137744e-10 6.2717613835e-10 3.3489948885e-9 1.6687535073e-8 7.7593148366e-8 3.3667291778e-7 1.3631582209e-6 5.1503507816e-6
2.2400000000e-1 1.3681369739e-5 4.4649168800e-5 1.3633486502e-4 3.8950159889e-4 1.0411655047e-3 2.6039851228e-3 6.0934878553e-3 1.3341452199e-2 2.7330731643e-2 5.2385588794e-2 9.3947699607e-2 1.5764320576e-1 2.4750257907e-1 3.6357965928e-1 4.9972864385e-1 6.4266206026e-1 7.7329187272e-1 8.7059292177e-1 9.1705732434e-1 9.0383010252e-1 8.3346273754e-1 7.1911063908e-1 5.8052031251e-1 4.3848435347e-1 3.0989089586e-1 2.0491988925e-1 1.2678880416e-1 7.3400172473e-2 3.9758115239e-2 2.0149001094e-2 9.5534011145e-3 4.2374643575e-3 1.7581313435e-3 6.8223217889e-4 2.4755398655e-4 8.3978245957e-5 2.6625932480e-5 7.8875961972e-6 2.1823532090e-6 5.6371885061e-7 1.3587891574e-7 3.0546925756e-8 6.4012277261e-9 1.2496137574e-9 2.2710532180e-10 3.8399089119e-11 6.0365129494e-12 8.8130207487e-13 1.1975052087e-13 1.4944723269e-14 2.7086691209e-15 6.7806016102e-15 5.2487409372e-14 3.7931650249e-13 2.5736309383e-12 1.6333640805e-11 9.6993513646e-11 5.3890885679e-10 2.8015690598e-9 1.3627062710e-8 6.2018106039e-8 2.6408889071e-7 1.0521958519e-6 3.9224448150e-6
2.8000000000e-1 1.0303133086e-5 3.3373811086e-5 1.0139733738e-4 2.8895520034e-4 7.7235530191e-4 1.9363612815e-3 4.5534317190e-3 1.0043277586e-2 2.0777709199e-2 4.0318738476e-2 7.3384567507e-2 1.2528303629e-1 2.0061817869e-1 3.0132764341e-1 4.2451979187e-1 5.6097852053e-1 6.9531641588e-1 8.0836061208e-1 8.8148061161e-1 9.0158005982e-1 8.6492688461e-1 7.7828494639e-1 6.5687628305e-1 5.2001605842e-1 3.8613685417e-1 2.6894296053e-1 1.7570160890e-1 1.0766833974e-1 6.1886153115e-2 3.3364393268e-2 1.6871004450e-2 8.0009353617e-3 3.5583204756e-3 1.4838915048e-3 5.8015506968e-4 2.1261045892e-4 7.3015871725e-5 2.3491661281e-5 7.0781950679e-6 1.9964943586e-6 5.2692664775e-7 1.3005999211e-7 3.0005392059e-8 6.4661225712e-9 1.3007153120e-9 2.4406155159e-10 4.2683476487e-11 6.9521710676e-12 1.0537191270e-12 1.4851299083e-13 2.0443112664e-14 9.1724290870e-15 5.2813037785e-14 3.6497486350e-13 2.3935918435e-12 1.4706372263e-11 8.4773380297e-11 4.5833249610e-10 2.3243166623e-9 1.1056033111e-8 4.9328081409e-8 2.0643321616e-7 8.1031656072e-7 2.9834477822e-6
3.3600000000e-1 7.7558918974e-6 2.4949034300e-5 7.5449684212e-5 2.1450714489e-4 5.7333200283e-4 1.4406241129e-3 3.4031084435e-3 7.5575762217e-3 1.5778739329e-2 3.0970387804e-2 5.7148797563e-2 9.9141382669e-2 1.6169298270e-1 2.4792257429e-1 3.5737934754e-1 4.8431789415e-1 6.1704665715e-1 7.3907817780e-1 8.3223519603e-1 8.8101601793e-1 8.7680460082e-1 8.2035758732e-1 7.2158248949e-1 5.9669611130e-1 4.6388218727e-1 3.3904135050e-1 2.3296519443e-1 1.5049582287e-1 9.1401214671e-2 5.2187752391e-2 2.8013245207e-2 1.4135711474e-2 6.7050578769e-3 2.9893511362e-3 1.2525217897e-3 4.9312303057e-4 1.8238777848e-4 6.3356999375e-5 2.0664134942e-5 6.3256447739e-6 1.8166576254e-6 4.8922826509e-7 1.2347605879e-7 2.9189209820e-8 6.4586129621e-9 1.3366465162e-9 2.5853113253e-10 4.6694519443e-11 7.8681068478e-12 1.2364258617e-12 1.8117868566e-13 3.2348778815e-14 5.3505872464e-14 3.4659097649e-13 2.1901872911e-12 1.3069069081e-11 7.3273230279e-11 3.8626045221e-10 1.9142286052e-9 8.9186203658e-9 3.9065183360e-8 1.6086830908e-7 6.2278562254e-7 2.2666937116e-6
3.9200000000e-1 5.8364035209e-6 1.8653547802e-5 5.6167831521e-5 1.5933930603e-4 4.2585983723e-4 1.0723064845e-3 2.5437837961e-3 5.6852751176e-3 1.1971103024e-2 2.3748151475e-2 4.4385384303e-2 7.8156675541e-2 1.2966092572e-1 2.0266074589e-1 2.9843351675e-1 4.1404008257e-1 5.4119390427e-1 6.6646549428e-1 7.7324143619e-1 8.4520837875e-1 8.7040756495e-1 8.4448384862e-1 7.7191659860e-1 6.6475441516e-1 5.3934452866e-1 4.1227645655e-1 2.9691432969e-1 2.0146364655e-1 1.2879115505e-1 7.7570604577e-2 4.4017320789e-2 2.3531660757e-2 1.1851222657e-2 5.6224307600e-3 2.5124172666e-3 1.0573232146e-3 4.1898348161e-4 1.5630215801e-4 5.4877811404e-5 1.8128181598e-5 5.6321563613e-6 1.6450135535e-6 4.5146351340e-7 1.1635637191e-7 2.8144872127e-8 6.3848136580e-9 1.3573983463e-9 2.7021846768e-10 5.0327601287e-11 8.7590421694e-12 1.4265527118e-12 2.2116559285e-13 8.1559168261e-14 3.2335038186e-13 1.9808815332e-12 1.1473210081e-11 6.2712433006e-11 3.2287041928e-10 1.5661766973e-9 7.1575876583e-9 3.0818458186e-8 1.2501782688e-7 4.7780313641e-7 1.7204443810e-6
4.4800000000e-1 4.3907018615e-6 1.3948642192e-5 4.1831772095e-5 1.1842842041e-4 3.1650488799e-4 7.9850879719e-4 1.9017538308e-3 4.2756799064e-3 9.0747297088e-3 1.8181988876e-2 3.4389814586e-2 6.1404538673e-2 1.0350335407e-1 1.6469952862e-1 2.4740837999e-1 3.5084892300e-1 4.6968711607e-1 5.9357906478e-1 7.0815510561e-1 7.9754752600e-1 8.4793366111e-1 8.5102749656e-1 8.0630947165e-1 7.2116944072e-1 6.0890858575e-1 4.8534295066e-1 3.6519957144e-1 2.5941772179e-1 1.7396380700e-1 1.1013062857e-1 6.5817913161e-2 3.7132905292e-2 1.9775986349e-2 9.9416617559e-3 4.7172429826e-3 2.1124201887e-3 8.9263711174e-4 3.5587311426e-4 1.3382746644e-4 4.7457904791e-5 1.5865206540e-5 4.9979610690e-6 1.4830641144e-6 4.1431368747e-7 1.0890667805e-7 2.6919041333e-8 6.2522694478e-9 1.3634949831e-9 2.7895280953e-10 5.3495796766e-11 9.6023148532e-12 1.6236080513e-12 2.9604752127e-13 3.3527878920e-13 1.7657118733e-12 9.9740624598e-12 5.3190649940e-11 2.6792145716e-10 1.2738793173e-9 5.7179451794e-9 2.4228938517e-8 9.6919775942e-8 3.6599285857e-7 1.3047089984e-6
5.0400000000e-1 3.3023106672e-6 1.0431992188e-5 3.1167581131e-5 8.8069291998e-5 2.3535908113e-4 5.9487052665e-4 1.4219995923e-3 3.2148666319e-3 6.8740741691e-3 1.3901278413e-2 2.6588027096e-2 4.8096091499e-2 8.2286188486e-2 1.3314914444e-1 2.0377193843e-1 2.9494748202e-1 4.0377421038e-1 5.2278708967e-1 6.4017996555e-1 7.4142756531e-1 8.1212604188e-1 8.4132778998e-1 8.2431607522e-1 7.6385245165e-1 6.6944308552e-1 5.5489197724e-1 4.3500733602e-1 3.2253811598e-1 2.2618533684e-1 1.5001967002e-1 9.4109073634e-2 5.5835446340e-2 3.1331008417e-2 1.6626800924e-2 8.3442746313e-3 3.9598554796e-3 1.7767809538e-3 7.5368667503e-4 3.0218461279e-4 1.1449384483e-4 4.0982977185e-5 1.3854707820e-5 4.4218141865e-6 1.3317530329e-6 3.7831221206e-7 1.0130593345e-7 2.5556524609e-8 6.0693669658e-9 1.3558912962e-9 2.8468071997e-10 5.6134557061e-11 1.0381011964e-11 1.8476790852e-12 5.5329167472e-13 1.6044499066e-12 8.5819463337e-12 4.4765411359e-11 2.2085415851e-10 1.0306679623e-9 4.5490284083e-9 1.8989528251e-8 7.4972679711e-8 2.7995245193e-7 9.8868155088e-7
5.6000000000e-1 2.4832158165e-6 7.8031270729e-6 2.3231046938e-5 6.5526029733e-5 1.7510696071e-4 4.4334053169e-4 1.0634483567e-3 2.4168027640e-3 5.2037100999e-3 1.0615330579e-2 2.0516536034e-2 3.7568693892e-2 6.5177985659e-2 1.0713451952e-1 1.6684453926e-1 2.4617762135e-1 3.4414271266e-1 4.5580702270e-1 5.7197171660e-1 6.8001380957e-1 7.6596535951e-1 8.1742440366e-1 8.2648025762e-1 7.9170574247e-1 7.1852574235e-1 6.1783101566e-1 5.0332469514e-1 3.8849076873e-1 2.8409912188e-1 1.9684209677e-1 1.2921880270e-1 8.0369512804e-2 4.7359748796e-2 2.6440477006e-2 1.3984718575e-2 7.0070792229e-3 3.3257014606e-3 1.4950110971e-3 6.3644143199e-4 2.5653540249e-4 9.7884747335e-5 3.5346444650e-5 1.2075407916e-5 3.9014136601e-6 1.1915702722e-6 3.4385956486e-7 9.3705241578e-8 2.4098826545e-8 5.8448303746e-9 1.3358604749e-9 2.8745696022e-10 5.8202444260e-11 1.1102679481e-11 2.2197185231e-12 1.6849152261e-12 7.3741809645e-12 3.7399584744e-11 1.8098227168e-10 8.2990936321e-10 3.6056180755e-9 1.4841713146e-8 5.7881607233e-8 2.1386954347e-7 7.4869922980e-7
6.1600000000e-1 1.8669738261e-6 5.8376343801e-6 1.7321863866e-5 4.8776491770e-5 1.3034195897e-4 3.3053363685e-4 7.9543602667e-4 1.8165772989e-3 3.9369756224e-3 8.0971688454e-3 1.5803991674e-2 2.9272847164e-2 5.1455164869e-2 8.5834081753e-2 1.3588073226e-1 2.0413778062e-1 2.9104215493e-1 3.9378083128e-1 5.0561300434e-1 6.1609191211e-1 7.1241814744e-1 7.8178149245e-1 8.1413393673e-1 8.0457412521e-1 7.5456447143e-1 6.7156468370e-1 5.6720807055e-1 4.5463455074e-1 3.4582044314e-1 2.4963736692e-1 1.7101763916e-1 1.1118459406e-1 6.8599041135e-2 4.0165636641e-2 2.2317352870e-2 1.1766942891e-2 5.8869555329e-3 2.7943910920e-3 1.2583583088e-3 5.3750177490e-4 2.1773898680e-4 8.3633085088e-5 3.0450284542e-5 1.0506075822e-5 3.4337397336e-6 1.0626467260e-6 3.1124027255e-7 8.6228409362e-8 2.2583220562e-8 5.5873069129e-9 1.3048897314e-9 2.8742873717e-10 5.9695133541e-11 1.1868411183e-11 3.3122599296e-12 6.5712151688e-12 3.1085685562e-11 1.4752604589e-10 6.6535710192e-10 2.8482623335e-9 1.1570716106e-8 4.4607701237e-8 1.6320111437e-7 5.6663039950e-7
6.7200000000e-1 1.4034656877e-6 4.3678938694e-6 1.2920298785e-5 3.6324729119e-5 9.7064659002e-5 2.4651808788e-4 5.9506687429e-4 1.3652522306e-3 2.9770853043e-3 6.1702431395e-3 1.2154786767e-2 2.2757675717e-2 4.0499086714e-2 6.8501537366e-2 1.1012699909e-1 1.6827744043e-1 2.4439727323e-1 3.3736848873e-1 4.4263867186e-1 5.5198795743e-1 6.5425024624e-1 7.3703979305e-1 7.8916841037e-1 8.0311838025e-1 7.7682025751e-1 7.1415634089e-1 6.2402100707e-1 5.1825117895e-1 4.0909014429e-1 3.0692899701e-1 2.1887652123e-1 1.4835559017e-1 9.5576560921e-2 5.8524545418e-2 3.4060914119e-2 1.8840538821e-2 9.9044326708e-3 4.9480885502e-3 2.3489805288e-3 1.0595135828e-3 4.5400086931e-4 1.8477909590e-4 7.1416939009e-5 2.6205328747e-5 9.1261043301e-6 3.0153245222e-6 9.4483724287e-7 2.8064038594e-7 7.8973621113e-8 2.1042242806e-8 5.3050544388e-9 1.2645819711e-9 2.8483246513e-10 6.0698540826e-11 1.3162833398e-11 7.4714331477e-12 2.6038822339e-11 1.1967165465e-10 5.3140198159e-10 2.2430611083e-9 9.0001473117e-9 3.4322890012e-8 1.2441039200e-7 4.2861046521e-7
7.2800000000e-1 1.0549110847e-6 3.2686926851e-6 9.6404008655e-6 2.7063137407e-5 7.2314070841e-5 1.8392005714e-4 4.4524328943e-4 1.0259553085e-3 2.2502115258e-3 4.6976794380e-3 9.3349058664e-3 1.7656492494e-2 3.1788359905e-2 5.4475602268e-2 8.8860121348e-2 1.3796948035e-1 2.0390614967e-1 2.8684565916e-1 3.8409268435e-1 4.8954480188e-1 5.9390395250e-1 6.8581354897e-1 7.5380819360e-1 7.8864181675e-1 7.8534881633e-1 7.4440540764e-1 6.7161676076e-1 5.7676672917e-1 4.7146304269e-1 3.6683122473e-1 2.7168049625e-1 1.9152519776e-1 1.2851955439e-1 8.2089356823e-2 4.9908485013e-2 2.8881736022e-2 1.5908153867e-2 8.3395662571e-3 4.1606954515e-3 1.9753736226e-3 8.9236888591e-4 3.8352150827e-4 1.5678665704e-4 6.0955155138e-5 2.2531177808e-5 7.9158971209e-6 2.6424613553e-6 8.3779148915e-7 2.5216437476e-7 7.2015798553e-8 1.9503532309e-8 5.0057130092e-9 1.2165875587e-9 2.8001870656e-10 6.1625566631e-11 1.6909258484e-11 2.3355796958e-11 9.7113966527e-11 4.2282105201e-10 1.7616987601e-9 6.9860371315e-9 2.6371277072e-8 9.4752818326e-8 3.2405719622e-7
7.8400000000e-1 7.9284778499e-7 2.4464842109e-6 7.1954055930e-6 2.0171006948e-5 5.3896300305e-5 1.3726170519e-4 3.3319559995e-4 7.7091993762e-4 1.7001234727e-3 3.5736666847e-3 7.1599726499e-3 1.3673313763e-2 2.4888719384e-2 4.3181600616e-2 7.1410669823e-2 1.1256310951e-1 1.6912106044e-1 2.4219634318e-1 3.3060166053e-1 4.3013921108e-1 5.3343118192e-1 6.3053888086e-1 7.1040872385e-1 7.6289842110e-1 7.8088417621e-1 7.6184737340e-1 7.0845347263e-1 6.2793960218e-1 5.3050481309e-1 4.2719665319e-1 3.2789568932e-1 2.3989157188e-1 1.6728885752e-1 1.1119665496e-1 7.0450955906e-2 4.2544871988e-2 2.4488563817e-2 1.3434469580e-2 7.0242135134e-3 3.4999826290e-3 1.6618311020e-3 7.5181640155e-4 3.2402575316e-4 1.3301946997e-4 5.2003026915e-5 1.9355863317e-5 6.8571106482e-6 2.3113635896e-6 7.4101305760e-7 2.2585076485e-7 6.5409328437e-8 1.7989925766e-8 4.6961622799e-9 1.1625824358e-9 2.7361870760e-10 6.4064921340e-11 3.0019739560e-11 8.0075101283e-11 3.3595789001e-10 1.3799327820e-9 5.4127086640e-9 2.0234937378e-8 7.2105759296e-8 2.4490529520e-7
8.4000000000e-1 5.9584239687e-7 1.8313714172e-6 5.3721311913e-6 1.5039772957e-5 4.0184639992e-5 1.0247147813e-4 2.4938503522e-4 5.7924583972e-4 1.2840488980e-3 2.7166111180e-3 5.4853197297e-3 1.0570762034e-2 1.9442036838e-2 3.4127888051e-2 5.7175512928e-2 9.1420634244e-2 1.3951215222e-1 2.0319511834e-1 2.8245375386e-1 3.7472564114e-1 4.7447175803e-1 5.7337272265e-1 6.6129041384e-1 7.2790542636e-1 7.6468841203e-1 7.6669140877e-1 7.3364075722e-1 6.6999855684e-1 5.8397358188e-1 4.8578407535e-1 3.8567918639e-1 2.9224299715e-1 2.1134829752e-1 1.4587839622e-1 9.6099278008e-2 6.0420351219e-2 3.6255529747e-2 2.0762657764e-2 1.1347335825e-2 5.9181418166e-3 2.9452891492e-3 1.3985670840e-3 6.3358203187e-4 2.7379547001e-4 1.1284439926e-4 4.4348191827e-5 1.6615352430e-5 5.9327871877e-6 2.0182819163e-6 6.5390772887e-7 2.0168616499e-7 5.9190896253e-8 1.6519754891e-8 4.3824517660e-9 1.1043941283e-9 2.6717583883e-10 7.3585634507e-11 7.5281403238e-11 2.6762815721e-10 1.0791656413e-9 4.1862074463e-9 1.5508212866e-8 5.4830270138e-8 1.8501747064e-7
8.9600000000e-1 4.4776238208e-7 1.3711193826e-6 4.0120193467e-6 1.1217874660e-5 2.9972119709e-5 7.6521540824e-5 1.8668508593e-4 4.3520699103e-4 9.6948997637e-4 2.0637311305e-3 4.1978456992e-3 8.1595209285e-3 1.5155452192e-2 2.6899255412e-2 4.5622553722e-2 7.3941365050e-2 1.1451545863e-1 1.6947648380e-1 2.3967515035e-1 3.2389487053e-1 4.1826513191e-1 5.1613662064e-1 6.0861404145e-1 6.8577634007e-1 7.3838937280e-1 7.5971430344e-1 7.4692509406e-1 7.0172369978e-1 6.2996813097e-1 5.4042550920e-1 4.4301638211e-1 3.4703434039e-1 2.5977404287e-1 1.8581941402e-1 1.2701611389e-1 8.2965529183e-2 5.1785008288e-2 3.0886669513e-2 1.7603046536e-2 9.5860180799e-3 4.9876963166e-3 2.4793818990e-3 1.1774167472e-3 5.3408716864e-4 2.3138212237e-4 9.5721860950e-5 3.7806815897e-5 1.4252962635e-5 5.1274079744e-6 1.7595881733e-6 5.7582207675e-7 1.7961752520e-7 5.3382260762e-8 1.5107293832e-8 4.0698627546e-9 1.0445306355e-9 2.6527037015e-10 1.0817367968e-10 2.2213593887e-10 8.4369235120e-10 3.2332509888e-9 1.1872468556e-8 4.1665578374e-8 1.3972747763e-7
9.5200000000e-1 3.3646926853e-7 1.0266856912e-6 2.9970847673e-6 8.3700376804e-6 2.2362639316e-5 5.7159140199e-5 1.3977056184e-4 3.2697435204e-4 7.3177992417e-4 1.5668129887e-3 3.2094076637e-3 6.2893371851e-3 1.1791208812e-2 2.1148828095e-2 3.6290226927e-2 5.9575690047e-2 9.3567456128e-2 1.4059080205e-1 2.0209939941e-1 2.7793840136e-1 3.6568458564e-1 4.6029716820e-1 5.5429685303e-1 6.3858385251e-1 7.0382382445e-1 7.4212980534e-1 7.4862685062e-1 7.2247150395e-1 6.6703175687e-1 5.8917446680e-1 4.9786834034e-1 4.0249467318e-1 3.1130257165e-1 2.3034770533e-1 1.6306648278e-1 1.1043965136e-1 7.1558791404e-2 4.4358241141e-2 2.6305797516e-2 1.4923918031e-2 8.0993806565e-3 4.2047058224e-3 2.0878744910e-3 9.9156214165e-4 4.5033381893e-4 1.9556441022e-4 8.1192369746e-5 3.2220102384e-5 1.2218735333e-5 4.4268891011e-6 1.5318326092e-6 5.0607368384e-7 1.5956263608e-7 4.7992851971e-8 1.3763370317e-8 3.7632839627e-9 9.8790007903e-10 2.8192847078e-10 2.2173202936e-10 6.6724919564e-10 2.4957220568e-9 9.0801055523e-9 3.1642707479e-8 1.0549169937e-7
1.0080000000e0 2.5282777399e-7 7.6888945995e-7 2.2394876138e-6 6.2471887296e-6 1.6690499539e-5 4.2707442087e-5 1.0466158374e-4 2.4565252753e-4 5.5221236502e-4 1.1888935942e-3 2.4515058353e-3 4.8414688201e-3 9.1574965334e-3 1.6589483282e-2 2.8783679914e-2 4.7831918252e-2 7.6128574281e-2 1.1604758508e-1 1.6942707945e-1 2.3691216287e-1 3.1728458347e-1 4.0697407495e-1 4.9996506269e-1 5.8825642177e-1 6.6289824344e-1 7.1545034253e-1 7.3954418139e-1 7.3215106804e-1 6.9420798997e-1 6.3042247648e-1 5.4831258192e-1 4.5675234472e-1 3.6441077004e-1 2.7845897131e-1 2.0379438099e-1 1.4285150080e-1 9.5904371807e-2 6.1666679033e-2 3.7976623875e-2 2.2398948486e-2 1.2652378906e-2 6.8443604975e-3 3.5455746303e-3 1.7587473910e-3 8.3530560545e-4 3.7980904989e-4 1.6531254761e-4 6.8864916260e-5 2.7451136075e-5 1.0468802016e-5 3.8185377568e-6 1.3317804193e-6 4.4397426467e-7 1.4141893290e-7 4.3022198588e-8 1.2496221665e-8 3.4685316834e-9 9.4678807426e-10 3.5845053059e-10 5.6490153697e-10 1.9310140267e-9 6.9419180035e-9 2.4015725111e-8 7.9625271628e-8
1.0640000000e0 1.8997967430e-7 5.7590074595e-7 1.6738207955e-6 4.6641730183e-6 1.2460906896e-5 3.1917741221e-5 7.8383212166e-5 1.8455366441e-4 4.1661206781e-4 9.0167802588e-4 1.8710382919e-3 3.7224299892e-3 7.1004225607e-3 1.2985440461e-2 2.2769049679e-2 3.8278027357e-2 6.1697997318e-2 9.5347572056e-2 1.4127494805e-1 2.0069531769e-1 2.7335389500e-1 3.5696728479e-1 4.4693641609e-1 5.3650806359e-1 6.1747446965e-1 6.8135460746e-1 7.2083897999e-1 7.3116258862e-1 7.1105047942e-1 6.6297666243e-1 5.9266374898e-1 5.0796308273e-1 4.1741803540e-1 3.2887226122e-1 2.4842872343e-1 1.7992685506e-1 1.2494245029e-1 8.3184573537e-2 5.3099609301e-2 3.2497511248e-2 1.9068230386e-2 1.0726534970e-2 5.7846849614e-3 2.9905278382e-3 1.4819510268e-3 7.0388224675e-4 3.2040543291e-4 1.3975815038e-4 5.8406955814e-5 2.3382058162e-5 8.9647658695e-6 3.2909822497e-6 1.1564323520e-6 3.8884694782e-7 1.2507071675e-7 3.8462338490e-8 1.1312952284e-8 3.1962820189e-9 9.5433523580e-10 6.0939017995e-10 1.5322402541e-9 5.3062307305e-9 1.8224897971e-8 6.0081812164e-8
1.1200000000e0 1.4274298755e-7 4.3142107210e-7 1.2513265829e-6 3.4833146630e-6 9.3058712625e-6 2.3859805805e-5 5.8711271431e-5 1.3865056421e-4 3.1424470641e-4 6.8353602283e-4 1.4269309448e-3 2.8588653666e-3 5.4971138445e-3 1.0144416207e-2 1.7966835197e-2 3.0539999439e-2 4.9821853400e-2 7.8005351108e-2 1.1721482876e-1 1.6904179089e-1 2.3396907638e-1 3.1079567351e-1 3.9622578335e-1 4.8479800822e-1 5.6928313176e-1 6.4157046298e-1 6.9391824917e-1 7.2031053475e-1 7.1759379297e-1 6.8609672721e-1 6.2956489205e-1 5.5442808310e-1 4.6859850114e-1 3.8010983036e-1 2.9591802339e-1 2.2110022145e-1 1.5854887207e-1 1.0911719230e-1 7.2073842352e-2 4.5689154004e-2 2.7796713234e-2 1.6229659099e-2 9.0938494936e-3 4.8897944640e-3 2.5229835433e-3 1.2490770623e-3 5.9330454777e-4 2.7035475217e-4 1.1816885971e-4 4.9535806776e-5 1.9911556536e-5 7.6731133700e-6 2.8340860738e-6 1.0030331652e-6 3.4003899358e-7 1.1039487574e-7 3.4300731485e-8 1.0222604717e-8 2.9727816059e-9 1.0987685567e-9 1.3333734305e-9 4.0966377476e-9 1.3821751791e-8 4.5337388836e-8
1.1760000000e0 1.0726656435e-7 3.2321950108e-7 9.3570265579e-7 2.6021371688e-6 6.9516263544e-6 1.7840338120e-5 4.3982635681e-5 1.0416486226e-4 2.3698656861e-4 5.1795209681e-4 1.0874762344e-3 2.1933872982e-3 4.2498859861e-3 7.9105493376e-3 1.4145044074e-2 2.4298026499e-2 4.0096574147e-2 6.3564321259e-2 9.6803152322e-2 1.4162350566e-1 1.9904465288e-1 2.6874129283e-1 3.4856696247e-1 4.3431527007e-1 5.1986446435e-1 5.9777874931e-1 6.6032144742e-1 7.0070371821e-1 7.1429449565e-1 6.9949426301e-1 6.5804478945e-1 5.9469191144e-1 5.1629158578e-1 4.3059194650e-1 3.4498968312e-1 2.6553213651e-1 1.9633600295e-1 1.3946175451e-1 9.5166052252e-2 6.2384786166e-2 3.9286289676e-2 2.3766348145e-2 1.3811258676e-2 7.7097413102e-3 4.1339370997e-3 2.1290300788e-3 1.0530857734e-3 5.0023342706e-4 2.2817272175e-4 9.9926960806e-5 4.2011275021e-5 1.6952650472e-5 6.5646644609e-6 2.4388537872e-6 8.6907083534e-7 2.9693124274e-7 9.7265282035e-8 3.0524851541e-8 9.2435928760e-9 2.8668280209e-9 1.6053577286e-9 3.2639469341e-9 1.0525841937e-8 3.4197191897e-8
1.2320000000e0 8.0601774553e-8 2.4219882142e-7 6.9983802459e-7 1.9443920514e-6 5.1943570165e-6 1.3342478540e-5 3.2953456434e-5 7.8257170827e-5 1.7869294767e-4 3.9232971968e-4 8.2824083723e-4 1.6812202166e-3 3.2813772198e-3 6.1581781796e-3 1.1112551243e-2 1.9281529197e-2 3.2168878180e-2 5.1605674364e-2 7.9602412733e-2 1.1806526139e-1 1.6837780167e-1 2.3089461676e-1 3.0444465731e-1 3.8598255463e-1 4.7053388733e-1 5.5154024287e-1 6.2162121144e-1 6.7365289229e-1 7.0195280327e-1 7.0330055869e-1 6.7754101444e-1 6.2761367780e-1 5.5900066146e-1 4.7873652136e-1 3.9422711820e-1 3.1215014784e-1 2.3765609897e-1 1.7398171032e-1 1.2246939185e-1 8.2893388069e-2 5.3948341145e-2 3.3759630174e-2 2.0312884636e-2 1.1751401712e-2 6.5363892120e-3 3.4954076470e-3 1.7969903174e-3 8.8807967884e-4 4.2187113249e-4 1.9261284751e-4 8.4511370337e-5 3.5629340066e-5 1.4430745774e-5 5.6140654817e-6 2.0973345870e-6 7.5226868754e-7 2.5894567375e-7 8.5556414979e-8 2.7130995681e-8 8.4222021732e-9 3.0533974392e-9 3.0217172317e-9 8.1054076242e-9 2.5835577527e-8
1.2880000000e0 6.0588402594e-8 1.8152945317e-7 5.2352360906e-7 1.4532992742e-6 3.8822602387e-6 9.9807900794e-6 2.4693259330e-5 5.8794009601e-5 1.3471818009e-4 2.9707085314e-4 6.3042696830e-4 1.2875132181e-3 2.5305306354e-3 4.7864719259e-3 8.7129310417e-3 1.5263658951e-2 2.5733521788e-2 4.1752876588e-2 6.5195912414e-2 9.7971802215e-2 1.4168645839e-1 1.9719762016e-1 2.6413165996e-1 3.4047402410e-1 4.2236841177e-1 5.0424544365e-1 5.7934181586e-1 6.4057424163e-1 6.8162469286e-1 6.9801089451e-1 6.8789192608e-1 6.5240870220e-1 5.9547223114e-1 5.2305398643e-1 4.4215645919e-1 3.5970893137e-1 2.8162652691e-1 2.1219935203e-1 1.5387330559e-1 1.0738188906e-1 7.2118380495e-2 4.6612794811e-2 2.8993699574e-2 1.7355373201e-2 9.9973646590e-3 5.5417133474e-3 2.9559077994e-3 1.5170582315e-3 7.4911536517e-4 3.5587217432e-4 1.6262789256e-4 7.1482463461e-5 3.0216757095e-5 1.2281935430e-5 4.7993261543e-6 1.8025277697e-6 6.5057236679e-7 2.2555237014e-7 7.5148074334e-8 2.4142393980e-8 7.8774246413e-9 3.9550156957e-9 6.6145994618e-9 1.9617194542e-8
1.3440000000e0 4.5700626656e-8 1.3602940895e-7 3.9179576882e-7 1.0864184873e-6 2.9024038090e-6 7.4675323346e-6 1.8506121803e-5 4.4172160017e-5 1.0155174940e-4 2.2486827506e-4 4.7959391764e-4 9.8519889903e-4 1.9493070868e-3 3.7148684109e-3 6.8189009391e-3 1.2055738200e-2 2.0529687908e-2 3.3672892392e-2 5.3197139809e-2 8.0947969970e-2 1.1864058914e-1 1.6748268694e-1 2.2772741105e-1 2.9824199746e-1 3.7620939831e-1 4.5708508240e-1 5.3489712058e-1 6.0290460994e-1 6.5453301376e-1 6.8441386149e-1 6.8930314007e-1 6.6866124656e-1 6.2475105801e-1 5.6222945713e-1 4.8733430500e-1 4.0686316743e-1 3.2717419150e-1 2.5340789163e-1 1.8904819274e-1 1.3584277112e-1 9.4018128683e-2 6.2675240580e-2 4.0242636503e-2 2.4887283723e-2 1.4823861284e-2 8.5040740580e-3 4.6985081947e-3 2.5000081910e-3 1.2809954857e-3 6.3204689915e-4 3.0026918726e-4 1.3733767022e-4 6.0469293636e-5 2.5626447120e-5 1.0451520403e-5 4.1014006335e-6 1.5482923317e-6 5.6213425105e-7 1.9627686989e-7 6.5936235467e-8 2.1646660863e-8 7.9042792900e-9 6.5395137884e-9 1.5176635058e-8
1.4000000000e0 3.4587718296e-8 1.0222959761e-7 2.9308857048e-7 8.1256358537e-7 2.1701468674e-6 5.5884679398e-6 1.3870786136e-5 3.3187655855e-5 7.6541196449e-5 1.7016398743e-4 3.6466199117e-4 7.5329725729e-4 1.5000145117e-3 2.8792471622e-3 5.3274273322e-3 9.5019346430e-3 1.6336651696e-2 2.7075160940e-2 4.3254999389e-2 6.6612991621e-2 9.8886916002e-2 1.4150627830e-1 1.9519519190e-1 2.5954846380e-1 3.3267721725e-1 4.1103817977e-1 4.8954771771e-1 5.6203190656e-1 6.2198428586e-1 6.6351378063e-1 6.8229530747e-1 6.7631151946e-1 6.4620971629e-1 5.9518652616e-1 5.2842878942e-1 4.5224594880e-1 3.7309456017e-1 2.9670190995e-1 2.2744687544e-1 1.6807319763e-1 1.1972251855e-1 8.2207464660e-2 5.4412991027e-2 3.4717317641e-2 2.1351884285e-2 1.2657982077e-2 7.2330212312e-3 3.9837051059e-3 2.1146959146e-3 1.0818779567e-3 5.3339539811e-4 2.5341116180e-4 1.1600210872e-4 5.1158826630e-5 2.1733565625e-5 8.8927242744e-6 3.5038134566e-6 1.3292600438e-6 4.8530033649e-7 1.7070811721e-7 5.7861843723e-8 1.9872075397e-8 9.1988188054e-9 1.2917299524e-8
1.4560000000e0 2.7487129028e-8 7.6698484523e-8 2.1977881486e-7 6.0749234844e-7 1.6233981925e-6 4.1826516315e-6 1.0398156532e-5 2.4935004517e-5 5.7684454124e-5 1.2873216810e-4 2.7714175062e-4 5.7557454354e-4 1.1531554108e-3 2.2287492858e-3 4.1554940786e-3 7.4743406974e-3 1.2969180111e-2 2.1709111738e-2 3.5055955143e-2 5.4609968697e-2 8.2067722506e-2 1.1897698432e-1 1.6639614907e-1 2.2449817150e-1 2.9219375977e-1 3.6687402373e-1 4.4437556181e-1 5.1924205852e-1 5.8529584820e-1 6.3645314725e-1 6.6764031999e-1 6.7562191741e-1 6.5955366078e-1 6.2112957909e-1 5.6428778013e-1 4.9454560276e-1 4.1811945083e-1 3.4102314636e-1 2.6832298146e-1 2.0366821849e-1 1.4913530366e-1 1.0534871256e-1 7.1790733396e-2 4.7194945864e-2 2.9929982175e-2 1.8310288492e-2 1.0805704715e-2 6.1513248825e-3 3.3777454532e-3 1.7889938601e-3 9.1388381410e-4 4.5024029466e-4 2.1391193239e-4 9.7998715765e-5 4.3286865299e-5 1.8432158766e-5 7.5655729358e-6 2.9923346156e-6 1.1407470710e-6 4.1860940768e-7 1.4850678406e-7 5.0981530818e-8 1.9340394796e-8 1.3320881389e-8
1.5120000000e0 2.3594312108e-8 5.9045589957e-8 1.6442241708e-7 4.5496106765e-7 1.2141082798e-6 3.1315772207e-6 7.7954080119e-6 1.8735441955e-5 4.3468740621e-5 9.7363903178e-5 2.1053378954e-4 4.3949164445e-4 8.8569711182e-4 1.7231623552e-3 3.2364924313e-3 5.8685519215e-3 1.0272970498e-2 1.7360821539e-2 2.8323966302e-2 4.4611577123e-2 6.7834534196e-2 9.9578070879e-2 1.4111912195e-1 1.9307091540e-1 2.5500935976e-1 3.2516441329e-1 4.0027350313e-1 4.7568224166e-1 5.4573609723e-1 6.0444049036e-1 6.4629259396e-1 6.6712834221e-1 6.6480493063e-1 6.3956395713e-1 5.9399004246e-1 5.3257469635e-1 4.6098734533e-1 3.8521716686e-1 3.1076455582e-1 2.4202904801e-1 1.8197609821e-1 1.3209070230e-1 9.2563695933e-2 6.2620736699e-2 4.0897986077e-2 2.5786210456e-2 1.5695260176e-2 9.2222323977e-3 5.2309229863e-3 2.8640480622e-3 1.5136404063e-3 7.7211621755e-4 3.8012862358e-4 1.8060717108e-4 8.2803727016e-5 3.6630384754e-5 1.5632335931e-5 6.4359061773e-6 2.5547135882e-6 9.7865436443e-7 3.6082122073e-7 1.2941609484e-7 4.5623599236e-8 2.1168540002e-8
1.5680000000e0 2.7655900488e-8 4.6767229098e-8 1.2452589745e-7 3.4035196798e-7 9.0879937495e-7 2.3446545843e-6 5.8451258768e-6 1.4077565187e-5 3.2753510717e-5 7.3622130177e-5 1.5986856816e-4 3.3537678420e-4 6.7969318503e-4 1.3307824989e-3 2.5171802273e-3 4.5997736297e-3 8.1203266262e-3 1.3849252700e-2 2.2818922262e-2 3.6322877264e-2 5.5857521298e-2 8.2984951979e-2 1.1910582942e-1 1.6515142004e-1 2.2123136882e-1 2.8630281703e-1 3.5794673182e-1 4.3233898505e-1 5.0447887290e-1 5.6868740944e-1 6.1932107686e-1 6.5158257747e-1 6.6226888242e-1 6.5029537954e-1 6.1687730270e-1 5.6532646131e-1 5.0051030604e-1 4.2809569306e-1 3.5373971651e-1 2.8238582830e-1 2.1778045468e-1 1.6226031813e-1 1.1679470270e-1 8.1217680794e-2 5.4562324414e-2 3.5411706794e-2 2.2202806398e-2 1.3448352300e-2 7.8690346740e-3 4.4478773039e-3 2.4285569284e-3 1.2808198609e-3 6.5245485749e-4 3.2099931172e-4 1.5251842777e-4 6.9976354730e-5 3.1001031983e-5 1.3257905673e-5 5.4744848213e-6 2.1804866556e-6 8.3934585413e-7 3.1099636058e-7 1.1328927011e-7 4.2699013740e-8
1.6240000000e0 4.4267278631e-8 4.3408544518e-8 9.5922796885e-8 2.5539253261e-7 6.8075355415e-7 1.7554212335e-6 4.3839573616e-6 1.0577147653e-5 2.4678865578e-5 5.5656329380e-5 1.2135129543e-4 2.5577768328e-4 5.2119040147e-4 1.0266751406e-3 1.9551509529e-3 3.5994418345e-3 6.4061969628e-3 1.1022372554e-2 1.8334142316e-2 2.9481984636e-2 4.5831468715e-2 6.8878170045e-2 1.0007142617e-1 1.4055582876e-1 1.9085234665e-1 2.5052753043e-1 3.1792313615e-1 3.9002899428e-1 4.6257177221e-1 5.3035695421e-1 5.8784638665e-1 6.2989120945e-1 6.5248899108e-1 6.5341154667e-1 6.3256715104e-1 5.9201557446e-1 5.3563252701e-1 4.6849923081e-1 3.9615019361e-1 3.2383282933e-1 2.5591324437e-1 1.9551326343e-1 1.4440144970e-1 1.0310471302e-1 7.1169849296e-2 4.7492180882e-2 3.0637493676e-2 1.9106647696e-2 1.1518837533e-2 6.7130003045e-3 3.7817757351e-3 2.0593572109e-3 1.0839356001e-3 5.5143152800e-4 2.7111998691e-4 1.2882299995e-4 5.9145657545e-5 2.6239578848e-5 1.1244430562e-5 4.6561638416e-6 1.8608662686e-6 7.1950618716e-7 2.6864744810e-7 1.0018256535e-7
1.6800000000e0 9.0641589082e-8 5.4484348944e-8 7.7442778692e-8 1.9534636408e-7 5.0821277210e-7 1.3174302184e-6 3.2853300291e-6 7.9509010839e-6 1.8589759761e-5 4.2070377830e-5 9.2076958030e-5 1.9497044558e-4 3.9934716784e-4 7.9128974896e-4 1.5167202454e-3 2.8123580160e-3 5.0445991103e-3 8.7533994522e-3 1.4693319009e-2 2.3859272447e-2 3.7479029453e-2 5.6952603449e-2 8.3720662139e-2 1.1905437813e-1 1.6377638908e-1 2.1794653081e-1 2.8056972215e-1 3.4940026453e-1 4.2091716532e-1 4.9052422436e-1 5.5298608638e-1 6.0305577926e-1 6.3619472057e-1 6.4924985393e-1 6.4094831406e-1 6.1210203109e-1 5.6547683277e-1 5.0535512782e-1 4.3688812097e-1 3.6537293904e-1 2.9559427185e-1 2.3133955348e-1 1.7514533582e-1 1.2827503400e-1 9.0882478184e-2 6.2288986373e-2 4.1298399062e-2 2.6487571748e-2 1.6433611119e-2 9.8627510625e-3 5.7256977473e-3 3.2152194546e-3 1.7463492380e-3 9.1741915882e-4 4.6612573236e-4 2.2903424316e-4 1.0882863469e-4 4.9999616771e-5 2.2211172043e-5 9.5376371077e-6 3.9591370635e-6 1.5886882359e-6 6.1602506879e-7 2.3395533068e-7
1.7360000000e0 2.0797948574e-7 8.6454079203e-8 8.1080924412e-8 1.4700163199e-7 3.8832275185e-7 9.8155892514e-7 2.4706394823e-6 5.9684948962e-6 1.4010934013e-5 3.1786064048e-5 6.9850450694e-5 1.4853538239e-4 3.0578287652e-4 6.0930037212e-4 1.1752399775e-3 2.1942173843e-3 3.9655261603e-3 6.9372273482e-3 1.1747291610e-2 1.9255527507e-2 3.0552005727e-2 4.6923501987e-2 6.9760173660e-2 1.0039009205e-1 1.3984276621e-1 1.8856217386e-1 2.4611271031e-1 3.1094090563e-1 3.8026418958e-1 4.5014891518e-1 5.1580989373e-1 5.7211772875e-1 6.1424707926e-1 6.3835551870e-1 6.4216104269e-1 6.2529842890e-1 5.8937692786e-1 5.3772710068e-1 4.7489151084e-1 4.0596764829e-1 3.3593387981e-1 2.6908061119e-1 2.0863051494e-1 1.5658152625e-1 1.1375495420e-1 7.9995699147e-2 5.4453748115e-2 3.5879909044e-2 2.2884058367e-2 1.4127579260e-2 8.4420383413e-3 4.8827311417e-3 2.7333833368e-3 1.4809717974e-3 7.7656955656e-4 3.9407704551e-4 1.9351759200e-4 9.1952303415e-5 4.2275999321e-5 1.8801328818e-5 8.0920418593e-6 3.3643493193e-6 1.3583088861e-6 5.2605694422e-7
1.7920000000e0 4.4757523934e-7 1.9269083302e-7 9.2360060426e-8 1.3755448537e-7 2.8420571254e-7 7.4918358726e-7 1.8421241107e-6 4.4969917797e-6 1.0543345678e-5 2.4027303084e-5 5.2957797052e-5 1.1312034085e-4 2.3397258810e-4 4.6877261160e-4 9.0962982406e-4 1.7096323372e-3 3.1121755816e-3 5.4872506424e-3 9.3707224276e-3 1.5499584418e-2 2.4831088738e-2 3.8530108709e-2 5.7907333730e-2 8.4293762940e-2 1.1884631477e-1 1.6229453104e-1 2.1465924054e-1 2.7499335931e-1 3.4120962417e-1 4.1005882338e-1 4.7730548295e-1 5.3811060451e-1 5.8758574280e-1 6.2143433850e-1 6.3656612489e-1 6.3156220104e-1 6.0689475956e-1 5.6485333234e-1 5.0919450343e-1 4.4458836663e-1 3.7597565058e-1 3.0795646372e-1 2.4431363895e-1 1.8773071496e-1 1.3971804773e-1 1.0071608783e-1 7.0319144848e-2 4.7552652048e-2 3.1145813384e-2 1.9758042860e-2 1.2139531019e-2 7.2237995821e-3 4.1631807415e-3 2.3236394826e-3 1.2559674203e-3 6.5741790620e-4 3.3321166776e-4 1.6354046018e-4 7.7702594873e-5 3.5754478184e-5 1.5912816498e-5 6.8694972941e-6 2.8553394317e-6 1.1651960613e-6
1.8480000000e0 1.0047817086e-6 3.8093840690e-7 1.9057948406e-7 1.1944440262e-7 2.4639199160e-7 5.4706906561e-7 1.4014321874e-6 3.3636257325e-6 7.9570459993e-6 1.8138203305e-5 4.0158004848e-5 8.6094289062e-5 1.7892972812e-4 3.6034994035e-4 7.0332843076e-4 1.3303591779e-3 2.4387000471e-3 4.3324159347e-3 7.4590075780e-3 1.2445563282e-2 2.0124657267e-2 3.1537320130e-2 4.7896315480e-2 7.0495486056e-2 1.0055448299e-1 1.3900252761e-1 1.8621911389e-1 2.4177196935e-1 3.0420545630e-1 3.7094291458e-1 4.3835454003e-1 5.0202109068e-1 5.5718053723e-1 5.9930412113e-1 6.2470603879e-1 6.3107554875e-1 6.1782332790e-1 5.8617185992e-1 5.3896896784e-1 4.8026550084e-1 4.1474246821e-1 3.4710107689e-1 2.8152334927e-1 2.2128633672e-1 1.6856865787e-1 1.2444608453e-1 8.9036342640e-2 6.1735354105e-2 4.1483860169e-2 2.7014670128e-2 1.7048707969e-2 1.0426715463e-2 6.1796222421e-3 3.5491180453e-3 1.9752346450e-3 1.0651837817e-3 5.5661281016e-4 2.8178136490e-4 1.3823654210e-4 6.5665669627e-5 3.0249259955e-5 1.3463826623e-5 5.8371344924e-6 2.4189995918e-6
1.9040000000e0 2.0478684768e-6 8.7010439433e-7 3.3204149942e-7 2.0373280723e-7 1.9100156528e-7 4.4408277036e-7 1.0366318931e-6 2.5446316502e-6 5.9824488121e-6 1.3708259105e-5 3.0431335156e-5 6.5504763626e-5 1.3675479742e-4 2.7678708362e-4 5.4329393530e-4 1.0339625945e-3 1.9082054827e-3 3.4147001786e-3 5.9253664294e-3 9.9700178752e-3 1.6266951675e-2 2.5735870277e-2 3.9481966082e-2 5.8733063389e-2 8.4721275789e-2 1.1850221563e-1 1.6072569127e-1 2.1138188064e-1 2.6957146886e-1 3.3335183829e-1 3.9971862104e-1 4.6475895207e-1 5.2398977624e-1 5.7284751511e-1 6.0726236972e-1 6.2421561422e-1 6.2217706272e-1 6.0133241814e-1 5.6355584919e-1 5.1213150009e-1 4.5128292196e-1 3.8560252097e-1 3.1948843623e-1 2.5668200143e-1 1.9996831050e-1 1.5106115462e-1 1.1065473183e-1 7.8598170964e-2 5.4135011820e-2 3.6154811797e-2 2.3413755239e-2 1.4702502195e-2 8.9519071806e-3 5.2849922307e-3 3.0251873896e-3 1.6790129926e-3 9.0340676427e-4 4.7132224135e-4 2.3831378094e-4 1.1687464562e-4 5.5495139944e-5 2.5601232724e-5 1.1388098240e-5 4.9640156669e-6
1.9600000000e0 4.2160804744e-6 1.7442368354e-6 7.4826186977e-7 3.1715327994e-7 2.3304397661e-7 3.5117354384e-7 7.8982026081e-7 1.9216081339e-6 4.4942679271e-6 1.0373616691e-5 2.3030219168e-5 4.9854231452e-5 1.0441930981e-4 2.1250091467e-4 4.1922407536e-4 8.0275653995e-4 1.4909788575e-3 2.6870758708e-3 4.6979922223e-3 7.9694001430e-3 1.3115552634e-2 2.0941882672e-2 3.2441467962e-2 4.8758330022e-2 7.1097680468e-2 1.0058273628e-1 1.3805440590e-1 1.8383874643e-1 2.3751018963e-1 2.9770500774e-1 3.6203260680e-1 4.2713663425e-1 4.8892564971e-1 5.4296965452e-1 5.8501179072e-1 6.1151904255e-1 6.2017118084e-1 6.1019633538e-1 5.8248441207e-1 5.3945612856e-1 4.8471412443e-1 4.2254550685e-1 3.5737191245e-1 2.9324250607e-1 2.3345002747e-1 1.8031065966e-1 1.3511704804e-1 9.8233344938e-2 6.9289648088e-2 4.7417072288e-2 3.1481751022e-2 2.0278329199e-2 1.2672367111e-2 7.6827406920e-3 4.5187741540e-3 2.5782473629e-3 1.4271761210e-3 7.6622199447e-4 3.9914778791e-4 2.0157368407e-4 9.8832180834e-5 4.6906369595e-5 2.1668734906e-5 9.6375051789e-6
2.0160000000e0 8.1863724929e-6 3.5503952442e-6 1.5248383007e-6 6.1739792767e-7 3.6789644695e-7 2.8021382169e-7 6.7505833353e-7 1.3821384334e-6 3.4705245680e-6 7.7413368570e-6 1.7549115619e-5 3.7790828974e-5 7.9839493124e-5 1.6287090688e-4 3.2337864644e-4 6.2239732756e-4 1.1636515082e-3 2.1110392820e-3 3.7183309595e-3 6.3567547125e-3 1.0549679118e-2 1.6994701120e-2 2.6575738935e-2 4.0340255155e-2 5.9440579139e-2 8.5018281342e-2 1.1804020648e-1 1.5908646117e-1 2.0812448679e-1 2.6430077050e-1 3.2580600608e-1 3.8985609932e-1 4.5282868586e-1 5.1056075709e-1 5.5878473681e-1 5.9364269781e-1 6.1219392956e-1 6.1282496369e-1 5.9548028561e-1 5.6167160385e-1 5.1425887863e-1 4.5705281104e-1 3.9430867203e-1 3.3021208759e-1 2.6843310757e-1 2.1182015238e-1 1.6225027530e-1 1.2064032390e-1 8.7073379790e-2 6.1005188586e-2 4.1488692249e-2 2.7389182864e-2 1.7550927156e-2 1.0917019867e-2 6.5911212034e-3 3.8627509881e-3 2.1970664646e-3 1.2130731457e-3 6.4990213051e-4 3.3804800204e-4 1.7053437372e-4 8.3569355178e-5 3.9674805106e-5 1.8317189521e-5
2.0720000000e0 1.5411203617e-5 7.0333515228e-6 2.9132885075e-6 1.4213319994e-6 4.4966308117e-7 5.3134236975e-7 3.5901829203e-7 1.2758256105e-6 2.3915790145e-6 6.0886119774e-6 1.3041918730e-5 2.8977803967e-5 6.0663957826e-5 1.2511015266e-4 2.4887703093e-4 4.8243178158e-4 9.0670477777e-4 1.6564189437e-3 2.9375769064e-3 5.0607512476e-3 8.4662968142e-3 1.3756493806e-2 2.1707657468e-2 3.3268538221e-2 4.9517246767e-2 7.1579459697e-2 1.0049058736e-1 1.3701527170e-1 1.8143372098e-1 2.3333087293e-1 2.9142803465e-1 3.5350413494e-1 4.1644900665e-1 4.7646644262e-1 5.2942727600e-1 5.7132453341e-1 5.9877356664e-1 6.0945937717e-1 6.0246283336e-1 5.7838692623e-1 5.3927556789e-1 4.8832222814e-1 4.2944497011e-1 3.6678623754e-1 3.0424631204e-1 2.4509980117e-1 1.9176476644e-1 1.4571358571e-1 1.0753266124e-1 7.7069803037e-2 5.3645964588e-2 3.6265026592e-2 2.3809284152e-2 1.5180686708e-2 9.4002894265e-3 5.6527075483e-3 3.3012154088e-3 1.8720666293e-3 1.0310164436e-3 5.5131552379e-4 2.8627048555e-4 1.4435593834e-4 7.0606230369e-5 3.3634838606e-5
2.1280000000e0 2.8669027452e-5 1.2819424620e-5 6.1901650317e-6 2.2533479365e-6 1.4657367345e-6 2.3150199305e-7 8.5493209516e-7 5.2762128142e-7 2.3002009234e-6 4.1220185966e-6 1.0353653867e-5 2.1550159631e-5 4.6723429536e-5 9.5409295067e-5 1.9200311216e-4 3.7299452127e-4 7.0622187671e-4 1.2973860552e-3 2.3174671556e-3 4.0209997821e-3 6.7801551526e-3 1.1107938771e-2 1.7683121902e-2 2.7352611560e-2 4.1110995710e-2 6.0039496253e-2 8.5198646566e-2 1.1747582908e-1 1.5739111048e-1 2.0489487503e-1 2.5917751713e-1 3.1855291335e-1 3.8043511541e-1 4.4146529411e-1 4.9776776107e-1 5.4534728352e-1 5.8054173569e-1 6.0049530600e-1 6.0353118275e-1 5.8939427980e-1 5.5927638235e-1 5.1566058671e-1 4.6197294973e-1 4.0214929370e-1 3.4015288217e-1 2.7956362407e-1 2.2325639588e-1 1.7324000610e-1 1.3061978097e-1 9.5695479017e-2 6.8122142822e-2 4.7120082822e-2 3.1668927908e-2 2.0681291876e-2 1.3122719520e-2 8.0905079208e-3 4.8464580744e-3 2.8206109416e-3 1.5951032650e-3 8.7612534718e-4 4.6784606224e-4 2.4229917517e-4 1.2236058984e-4 5.9511610300e-5
2.1840000000e0 4.9923769353e-5 2.4667212334e-5 1.0452069076e-5 5.6377942510e-6 1.5681663148e-6 1.6431848586e-6 1.8593436804e-8 1.3414416486e-6 9.5760800407e-7 3.9017136733e-6 7.1149001626e-6 1.7045355606e-5 3.5006703983e-5 7.3598817637e-5 1.4721923932e-4 2.8882028515e-4 5.4885706427e-4 1.0153307149e-3 1.8250628413e-3 3.1894478052e-3 5.4186271852e-3 8.9486420348e-3 1.4367448107e-2 2.2423272272e-2 3.4022346769e-2 5.0180592493e-2 7.1952290479e-2 1.0029192972e-1 1.3589981698e-1 1.7901424069e-1 2.2923662791e-1 2.8536304252e-1 3.4533181495e-1 4.0624987379e-1 4.6459366555e-1 5.1650107286e-1 5.5820212441e-1 5.8644832090e-1 5.9894903763e-1 5.9465945405e-1 5.7394306857e-1 5.3850319413e-1 4.9116850681e-1 4.3550451512e-1 3.7538653999e-1 3.1454711947e-1 2.5622281604e-1 2.0289519406e-1 1.5618935730e-1 1.1688355183e-1 8.5031543250e-2 6.0135235880e-2 4.1342578416e-2 2.7630572983e-2 1.7950897301e-2 1.1337518419e-2 6.9599692920e-3 4.1542180466e-3 2.4092340704e-3 1.3592586976e-3 7.4421307968e-4 3.9730222584e-4 2.0483546081e-4 1.0398396887e-4
2.2400000000e0 8.8668034714e-5 4.1634608714e-5 2.1425620119e-5 8.3584645490e-6 5.2255040925e-6 1.0067860853e-6 1.7937403089e-6 4.1430766611e-8 1.8632484981e-6 2.0497960398e-6 6.1896447217e-6 1.2300759608e-5 2.7175051440e-5 5.5980048058e-5 1.1334848685e-4 2.2311733517e-4 4.2621521108e-4 7.9371918612e-4 1.4348364175e-3 2.5261498729e-3 4.3213443164e-3 7.1942852065e-3 1.1643474857e-2 1.8333021360e-2 2.8068230769e-2 4.1800647367e-2 6.0537869542e-2 8.5275860420e-2 1.1682141633e-1 1.5565318505e-1 2.0169760694e-1 2.5419934127e-1 3.1157301508e-1 3.7142530749e-1 4.3062278581e-1 4.8556339195e-1 5.3248796482e-1 5.6793079696e-1 5.8911044120e-1 5.9431814259e-1 5.8311975904e-1 5.5643875678e-1 5.1640994086e-1 4.6611491918e-1 4.0917631948e-1 3.4934105510e-1 2.9007460206e-1 2.3425633745e-1 1.8399090245e-1 1.4054680750e-1 1.0441736262e-1 7.5446218635e-2 5.3019697384e-2 3.6235298463e-2 2.4087009755e-2 1.5569692692e-2 9.7903665586e-3 5.9844888988e-3 3.5603057559e-3 2.0570296745e-3 1.1586069798e-3 6.3175100274e-4 3.3777693862e-4 1.7284717710e-4
2.2960000000e0 1.4572675211e-4 7.5658366059e-5 3.4767603787e-5 1.8461535792e-5 6.9024089507e-6 4.5017621285e-6 1.0323865300e-6 1.4663983708e-6 8.5300684011e-7 2.0534939900e-6 4.5762057670e-6 9.1857289446e-6 2.1166474919e-5 4.2060509826e-5 8.8117370700e-5 1.7091087986e-4 3.3234707018e-4 6.1766051589e-4 1.1289188757e-3 1.9947923451e-3 3.4430248378e-3 5.7683991339e-3 9.4174631993e-3 1.4945675168e-2 2.3092792299e-2 3.4703881167e-2 5.0758603225e-2 7.2223187676e-2 1.0000270605e-1 1.3471689573e-1 1.7659273408e-1 2.2522490473e-1 2.7950334294e-1 3.3748815237e-1 3.9650617700e-1 4.5325881137e-1 5.0414842189e-1 5.4560407739e-1 5.7452678951e-1 5.8864243551e-1 5.8682006342e-1 5.6920480021e-1 5.3720920952e-1 4.9332213617e-1 4.4078656912e-1 3.8321384565e-1 3.2416288710e-1 2.6681155053e-1 2.1367408364e-1 1.6650412015e-1 1.2623962755e-1 9.3133238840e-2 6.6848486342e-2 4.6692092810e-2 3.1726780265e-2 2.0981575643e-2 1.3494748663e-2 8.4506813716e-3 5.1431265432e-3 3.0510287574e-3 1.7555353211e-3 9.8788962224e-4 5.3595981544e-4 2.8740896890e-4
2.3520000000e0 2.4401936162e-4 1.2357018271e-4 6.3705587695e-5 3.0036503798e-5 1.4768875674e-5 6.9777305665e-6 2.5268861501e-6 2.5845254690e-6 -2.0206180635e-7 3.4376047030e-6 1.2674345787e-6 9.7506232142e-6 1.2899394896e-5 3.5827715184e-5 6.3568507958e-5 1.3628231859e-4 2.5288417832e-4 4.8661264524e-4 8.8010642376e-4 1.5801004636e-3 2.7307967712e-3 4.6237914274e-3 7.5919646172e-3 1.2161904691e-2 1.8938463078e-2 2.8731840922e-2 4.2407816224e-2 6.0950888287e-2 8.5254186901e-2 1.1609559618e-1 1.5387645368e-1 1.9854375944e-1 2.4935596948e-1 3.0485560471e-1 3.6279249494e-1 4.2026660857e-1 4.7389934657e-1 5.2016982261e-1 5.5577844066e-1 5.7803371156e-1 5.8520021695e-1 5.7669823185e-1 5.5321670975e-1 5.1657427642e-1 4.6954422550e-1 4.1543996345e-1 3.5780946762e-1 2.9997044695e-1 2.4480805619e-1 1.9446713299e-1 1.5038426267e-1 1.1319093894e-1 8.2943989272e-2 5.9151901381e-2 4.1074734236e-2 2.7752267182e-2 1.8263095980e-2 1.1688427940e-2 7.2912014183e-3 4.4181509826e-3 2.6140538005e-3 1.4980309091e-3 8.4204958854e-4 4.5506277951e-4
2.4080000000e0 3.8863752175e-4 2.0470552102e-4 1.0747072585e-4 5.0796510109e-5 2.8939350377e-5 8.6778772244e-6 1.0084605678e-5 -2.1380664392e-6 7.0345180644e-6 -4.3647129414e-6 9.0557179514e-6 -1.1510416704e-6 1.8993369219e-5 1.7763921910e-5 5.8771034404e-5 9.4763348774e-5 2.0634760311e-4 3.6841353643e-4 6.9994286699e-4 1.2350100667e-3 2.1769745989e-3 3.6847893682e-3 6.1214406534e-3 9.8593947211e-3 1.5503518781e-2 2.3705688794e-2 3.5328720402e-2 5.1246728657e-2 7.2412134927e-2 9.9624090578e-2 1.3348633739e-1 1.7416828183e-1 2.2130329722e-1 2.7383291844e-1 3.2995660730e-1 3.8718113377e-1 4.4242443045e-1 4.9232655469e-1 5.3349680734e-1 5.6299126269e-1 5.7854021506e-1 5.7897411463e-1 5.6421458478e-1 5.3545986337e-1 4.9484087626e-1 4.4535635567e-1 3.9030126032e-1 3.3312348772e-1 2.7685380219e-1 2.2409093536e-1 1.7661160336e-1 1.3557172050e-1 1.0132228895e-1 7.3763733179e-2 5.2275692524e-2 3.6094997139e-2 2.4254005739e-2 1.5884775616e-2 1.0118516584e-2 6.2869598600e-3 3.7952737188e-3 2.2376177836e-3 1.2798746454e-3 7.1565917453e-4
2.4640000000e0 6.0252947900e-4 3.3774313976e-4 1.6574177465e-4 9.9451944078e-5 3.4310768753e-5 3.3474160843e-5 -1.7539738492e-6 1.7830398132e-5 -1.0824103084e-5 1.5492115416e-5 -1.1658199638e-5 1.8395145966e-5 -4.8754083083e-6 3.2988997653e-5 2.5821174983e-5 9.1906900425e-5 1.4129610217e-4 3.0433450175e-4 5.3076106822e-4 9.8792410129e-4 1.7099059883e-3 2.9524225827e-3 4.9061548849e-3 7.9923075672e-3 1.2644000671e-2 1.9517649711e-2 2.9330267925e-2 4.2951710101e-2 6.1274080389e-2 8.5153725183e-2 1.1530074056e-1 1.5207560141e-1 1.9543332749e-1 2.4464444338e-1 2.9838645076e-1 3.5450749457e-1 4.1036685981e-1 4.6272869202e-1 5.0836573934e-1 5.4404691313e-1 5.6726996143e-1 5.7617492856e-1 5.7018099159e-1 5.4964328589e-1 5.1623387147e-1 4.7229986519e-1 4.2101142109e-1 3.6556765022e-1 3.0928491995e-1 2.5487878532e-1 2.0466578963e-1 1.6007283755e-1 1.2199906683e-1 9.0556427058e-2 6.5507659163e-2 4.6146119037e-2 3.1684156761e-2 2.1181830761e-2 1.3802848333e-2 8.7585763673e-3 5.4141826210e-3 3.2639675648e-3 1.9097951299e-3 1.0987659236e-3
2.5200000000e0 9.5417781722e-4 4.9628130281e-4 3.0401898365e-4 1.2360019164e-4 1.0122036860e-4 1.2418720528e-5 4.4571406153e-5 -1.7033701064e-5 3.0095849711e-5 -2.2802501963e-5 2.6779467850e-5 -2.0073524387e-5 2.9446168782e-5 -6.3474614194e-6 4.9579043272e-5 4.3049753872e-5 1.3461520335e-4 2.1377721407e-4 4.3472607701e-4 7.5963181635e-4 1.3662733099e-3 2.3404142945e-3 3.9410640237e-3 6.4528714823e-3 1.0294113060e-2 1.6024698664e-2 2.4276198608e-2 3.5892190942e-2 5.1655488153e-2 7.2527555267e-2 9.9161795534e-2 1.3222571312e-1 1.7173455404e-1 2.1748789434e-1 2.6832235379e-1 3.2274124351e-1 3.7821808833e-1 4.3208473137e-1 4.8096529930e-1 5.2188502194e-1 5.5178625431e-1 5.6868295764e-1 5.7110235082e-1 5.5905522193e-1 5.3326637313e-1 4.9582625691e-1 4.4922509065e-1 3.9673187264e-1 3.4141040106e-1 2.8639163942e-1 2.3409198343e-1 1.8651813052e-1 1.4480991297e-1 1.0959140774e-1 8.0820166158e-2 5.8091287278e-2 4.0697812001e-2 2.7776149619e-2 1.8493604083e-2 1.1975505097e-2 7.5879444708e-3 4.6497377156e-3 2.8171888712e-3 1.6185372622e-3
2.5760000000e0 1.3539947541e-3 8.4445800444e-4 3.9334442114e-4 2.8632895819e-4 7.8458248241e-5 1.1044084824e-4 -1.2066268863e-5 5.8124987617e-5 -3.2194447763e-5 4.0969922298e-5 -3.1214638120e-5 3.3432063628e-5 -2.0998479413e-5 3.3741875362e-5 4.9444973403e-6 6.0425534443e-5 8.2756600820e-5 1.8101279646e-4 3.3075271708e-4 5.9846181393e-4 1.0835832704e-3 1.8495117219e-3 3.1717463967e-3 5.1782799706e-3 8.3915519261e-3 1.3084808313e-2 2.0084070532e-2 2.9846032925e-2 4.3464774501e-2 6.1479817672e-2 8.5024916897e-2 1.1439806201e-1 1.5031203229e-1 1.9230973013e-1 2.4012458354e-1 2.9208313936e-1 3.4661883771e-1 4.0081684745e-1 4.5209321002e-1 4.9696380185e-1 5.3279140547e-1 5.5673094015e-1 5.6733069701e-1 5.6352058059e-1 5.4583820248e-1 5.1537178484e-1 4.7450460147e-1 4.2587461739e-1 3.7270624431e-1 3.1797920075e-1 2.6451015612e-1 2.1452601168e-1 1.6961418655e-1 1.3077968950e-1 9.8266808472e-2 7.2046340913e-2 5.1430399535e-2 3.5873908466e-2 2.4307585314e-2 1.6154144895e-2 1.0363535520e-2 6.5899078062e-3 3.9726337505e-3 2.4489853067e-3
2.6320000000e0 2.1475360108e-3 1.1154233130e-3 7.5945969748e-4 3.0033118875e-4 2.7321004181e-4 4.1708933925e-5 1.1325675875e-4 -2.4354667596e-5 5.7856136456e-5 -2.9929157705e-5 3.2229449175e-5 -1.6933237527e-5 1.6053493111e-5 5.9731703778e-6 1.1828846165e-5 5.0542486313e-5 4.7814474745e-5 1.6843216858e-4 2.1825955150e-4 5.2025769038e-4 7.9280077343e-4 1.5401372132e-3 2.4522097422e-3 4.2570673126e-3 6.7023640456e-3 1.0793603052e-2 1.6425028129e-2 2.4902073849e-2 3.6291546423e-2 5.2106518601e-2 7.2453033670e-2 9.8755803761e-2 1.3080597656e-1 1.6943816824e-1 2.1363320052e-1 2.6310946120e-1 3.1567718183e-1 3.6973627964e-1 4.2206387615e-1 4.7017075417e-1 5.1060612288e-1 5.4102285797e-1 5.5895008521e-1 5.6333418185e-1 5.5366076087e-1 5.3076713369e-1 4.9625295256e-1 4.5250924888e-1 4.0249266399e-1 3.4908687306e-1 2.9540585430e-1 2.4367693372e-1 1.9620280919e-1 1.5390373076e-1 1.1793790625e-1 8.7939434364e-2 6.4172199380e-2 4.5444432970e-2 3.1622207970e-2 2.1221830822e-2 1.4129874152e-2 8.9354266229e-3 5.7453814364e-3 3.3701368638e-3
2.6880000000e0 2.8514639681e-3 1.8810926371e-3 9.2474279643e-4 6.6710528996e-4 2.4688644520e-4 2.3052334444e-4 4.7565275168e-5 7.3471618341e-5 1.2211283924e-5 6.4287533637e-6 2.7203144465e-5 -3.3270297851e-5 5.6839158616e-5 -6.0752849582e-5 9.5862815882e-5 -6.8075589079e-5 1.6318836699e-4 -1.3865149303e-5 3.3130808187e-4 2.3083872770e-4 8.1486402909e-4 1.0181933504e-3 2.1683800081e-3 3.1979502747e-3 5.6475782453e-3 8.5647763379e-3 1.3722670565e-2 2.0388798967e-2 3.0541090562e-2 4.3685527892e-2 6.1844940946e-2 8.4603802380e-2 1.1366658189e-1 1.4832477088e-1 1.8943620451e-1 2.3553950528e-1 2.8617416720e-1 3.3887726214e-1 3.9180023371e-1 4.4176643593e-1 4.8610875759e-1 5.2183588274e-1 5.4653847267e-1 5.5856825401e-1 5.5682403019e-1 5.4178518634e-1 5.1406677333e-1 4.7620602408e-1 4.3005077386e-1 3.7930761306e-1 3.2599345198e-1 2.7380228523e-1 2.2390624477e-1 1.7912975555e-1 1.3933010849e-1 1.0623216705e-1 7.8530544287e-2 5.7129266620e-2 4.0068195683e-2 2.7882752118e-2 1.8481548410e-2 1.2375108595e-2 7.6806562284e-3 5.0187251734e-3
2.7440000000e0 4.3342429353e-3 2.4695653264e-3 1.5772454773e-3 8.4538128161e-4 4.9617211793e-4 3.0081794837e-4 8.8374237277e-5 1.6385812103e-4 -7.5920936188e-5 1.6219001361e-4 -1.5809514360e-4 1.9780926156e-4 -2.1007597333e-4 2.4057040284e-4 -2.4184302811e-4 2.8945247495e-4 -2.3874094372e-4 3.7349466878e-4 -1.4236921710e-4 5.9310519396e-4 2.2013424122e-4 1.2311493526e-3 1.3008458564e-3 2.9857638835e-3 4.1437267449e-3 7.3671489534e-3 1.0854974239e-2 1.7207621352e-2 2.5087517308e-2 3.7018235224e-2 5.2131710150e-2 7.2650114582e-2 9.7982698105e-2 1.2963779348e-1 1.6691095539e-1 2.1007546319e-1 2.5788691898e-1 3.0900597301e-1 3.6149724050e-1 4.1250130998e-1 4.5979118926e-1 4.9970726065e-1 5.3066132944e-1 5.4931456597e-1 5.5575932400e-1 5.4793891442e-1 5.2817517938e-1 4.9595353447e-1 4.5551520871e-1 4.0732173949e-1 3.5651639232e-1 3.0353181437e-1 2.5324341608e-1 2.0521355768e-1 1.6327987355e-1 1.2585572703e-1 9.5579090927e-2 6.9994513792e-2 5.0818226193e-2 3.5277690138e-2 2.4561868688e-2 1.6093845831e-2 1.0806730898e-2 6.6335589434e-3
2.8000000000e0 5.9024586394e-3 3.5503063180e-3 2.3424796730e-3 1.1055149394e-3 9.9500695911e-4 1.2797657148e-4 5.7166806777e-4 -2.5783354732e-4 4.8627733478e-4 -4.2237688035e-4 5.0315800089e-4 -5.0299437077e-4 5.3822642242e-4 -5.4270937867e-4 5.6732273957e-4 -5.4697516643e-4 5.9578941679e-4 -4.9352860477e-4 6.6751141266e-4 -3.0287802317e-4 9.2032192622e-4 2.5175764948e-4 1.7224114525e-3 1.7407065683e-3 3.9408387719e-3 5.4264145973e-3 9.3664693065e-3 1.3743139142e-2 2.1199495775e-2 3.0707097580e-2 4.4266894436e-2 6.1795476724e-2 8.4403309209e-2 1.1268672556e-1 1.4646274126e-1 1.8655723356e-1 2.3105287987e-1 2.8057021315e-1 3.3124944358e-1 3.8339625107e-1 4.3152423469e-1 4.7605665089e-1 5.1079053763e-1 5.3713453811e-1 5.4936459629e-1 5.5071417766e-1 5.3685121560e-1 5.1309143098e-1 4.7666892668e-1 4.3440984561e-1 3.8453826740e-1 3.3424042659e-1 2.8184149259e-1 2.3372238490e-1 1.8766556505e-1 1.4854634885e-1 1.1351125848e-1 8.5818986874e-2 6.2364931070e-2 4.5065528275e-2 3.1131657189e-2 2.1492847750e-2 1.4146153567e-2 9.2708565535e-3
2.8560000000e0 7.5241167703e-3 5.6792168845e-3 2.4579434219e-3 2.6456813987e-3 2.9330366079e-4 1.5209381261e-3 -5.7096708180e-4 1.1700873725e-3 -8.9932528738e-4 1.0832413522e-3 -1.0121825290e-3 1.0581822802e-3 -1.0280952994e-3 1.0251944601e-3 -9.8448958001e-4 9.6861117762e-4 -8.8434415423e-4 9.0449449860e-4 -6.9792517921e-4 8.9889347592e-4 -3.2089502727e-4 1.1396489412e-3 5.3791021442e-4 2.1004919953e-3 2.5857505521e-3 4.8442195758e-3 7.3257638458e-3 1.1465397618e-2 1.7529056618e-2 2.5527174403e-2 3.7540829493e-2 5.2107747183e-2 7.2920200354e-2 9.6885666779e-2 1.2885999287e-1 1.6385578347e-1 2.0727872935e-1 2.5202121319e-1 3.0349267510e-1 3.5255216983e-1 4.0443538198e-1 4.4860659465e-1 4.9047341476e-1 5.1927436848e-1 5.4127629618e-1 5.4681250525e-1 5.4355455125e-1 5.2384601568e-1 4.9668298852e-1 4.5656390338e-1 4.1297412662e-1 3.6202762937e-1 3.1243964597e-1 2.6118236837e-1 2.1507073333e-1 1.7146093437e-1 1.3467045738e-1 1.0246623898e-1 7.6653609325e-2 5.5812107510e-2 3.9573502683e-2 2.7814151401e-2 1.8400784376e-2 1.2832669036e-2
2.9120000000e0 1.2414351118e-2 5.2883950810e-3 6.1691113309e-3 8.6464539005e-4 3.5145782637e-3 -9.6445491501e-4 2.4789741788e-3 -1.6177118485e-3 2.0676147784e-3 -1.7662111310e-3 1.8419900445e-3 -1.6918952739e-3 1.6341317870e-3 -1.5024928121e-3 1.3926036816e-3 -1.2357977682e-3 1.1158797767e-3 -8.9658009015e-4 8.3809149142e-4 -4.4915594774e-4 6.5779255692e-4 2.3915134771e-4 8.2845466720e-4 1.5350704468e-3 1.9519362217e-3 4.3019871260e-3 5.3133363804e-3 1.0303660487e-2 1.3328030267e-2 2.2648794567e-2 2.9903572982e-2 4.5963356901e-2 6.0286371677e-2 8.5770460219e-2 1.0984705970e-1 1.4660980439e-1 1.8155114806e-1 2.2900610109e-1 2.7271420779e-1 3.2643961937e-1 3.7270981219e-1 4.2433407407e-1 4.6369551354e-1 5.0278650684e-1 5.2532661444e-1 5.4290987281e-1 5.4205168099e-1 5.3416638408e-1 5.0947484864e-1 4.7882930679e-1 4.3624388274e-1 3.9100556301e-1 3.4035964628e-1 2.9079253694e-1 2.4204638262e-1 1.9686320754e-1 1.5701650904e-1 1.2117345248e-1 9.3085511019e-2 6.7607257109e-2 5.0667505160e-2 3.3912376663e-2 2.5626397076e-2 1.4926255526e-2
2.9680000000e0 1.0819958827e-2 1.3001960399e-2 2.4868505672e-3 7.3369243509e-3 -1.1372099899e-3 4.7634301922e-3 -2.4148028727e-3 3.5359118592e-3 -2.6115177555e-3 2.7941864331e-3 -2.3268701412e-3 2.1726894101e-3 -1.8200377431e-3 1.5437429705e-3 -1.1996332820e-3 8.8220960735e-4 -5.1271549570e-4 2.0946684585e-4 2.2819553843e-4 -4.1263358053e-4 1.0631145023e-3 -8.4103537267e-4 2.1582155662e-3 -7.4009140562e-4 3.9699797903e-3 6.4207365782e-4 7.5398717467e-3 4.8349855715e-3 1.4911882534e-2 1.4580969261e-2 2.9527114430e-2 3.4095072798e-2 5.6233732543e-2 6.8688027869e-2 1.0039437700e-1 1.2325929335e-1 1.6573877047e-1 1.9958593840e-1 2.5129828540e-1 2.9324830228e-1 3.4878168878e-1 3.9197300056e-1 4.4237295593e-1 4.7724545857e-1 5.1228711689e-1 5.2964330102e-1 5.4139267355e-1 5.3598980742e-1 5.2196372566e-1 4.9476241696e-1 4.5894797595e-1 4.1673140071e-1 3.6787513250e-1 3.2045931372e-1 2.6861353299e-1 2.2521465965e-1 1.7839414112e-1 1.4496533828e-1 1.0739171321e-1 8.5867492285e-2 5.8119007616e-2 4.7304639062e-2 2.7666314673e-2 2.4815287380e-2
3.0240000000e0 2.5061056778e-2 6.4742284408e-3 1.4009408744e-2 -2.0067465619e-4 8.3471135970e-3 -2.6123400058e-3 5.3338656725e-3 -2.9075935038e-3 3.4475658492e-3 -2.2342987991e-3 1.9656865280e-3 -1.1472321414e-3 6.0365058205e-4 9.7838606931e-5 -7.1594063496e-4 1.3778193313e-3 -1.9823391539e-3 2.6277507695e-3 -3.1430705742e-3 3.8241005180e-3 -4.1013023685e-3 5.0148948018e-3 -4.6613920085e-3 6.4127256142e-3 -4.3944546942e-3 8.5873462635e-3 -2.3846807573e-3 1.2789035313e-2 3.1514869916e-3 2.1366773299e-2 1.5270212039e-2 3.8088313966e-2 3.8431730010e-2 6.7961714602e-2 7.7882428394e-2 1.1606702456e-1 1.3787580143e-1 1.8518792976e-1 2.1885407587e-1 2.7280692485e-1 3.1464891939e-1 3.6897973840e-1 4.1152367112e-1 4.5695583507e-1 4.9062409272e-1 5.1744690777e-1 5.3376771815e-1 5.3533735015e-1 5.3027039172e-1 5.0570951654e-1 4.8132445532e-1 4.3592428062e-1 3.9947740902e-1 3.4256913008e-1 3.0351105182e-1 2.4500478788e-1 2.1155717445e-1 1.5893195121e-1 1.3585820813e-1 9.2823231639e-2 8.1058473920e-2 4.7967688521e-2 4.5681072438e-2 2.0920841031e-2
3.0800000000e0 1.5297761645e-2 2.4450988174e-2 3.9299592422e-3 1.3174849018e-2 -3.9723696391e-4 6.6700110247e-3 -9.4473977398e-4 2.5205390447e-3 3.0750372436e-4 -5.6639245084e-4 2.2904993158e-3 -3.1680376560e-3 4.4676541739e-3 -5.4801240453e-3 6.5711133248e-3 -7.5244439441e-3 8.4572536834e-3 -9.2534452996e-3 1.0045835641e-2 -1.0587402536e-2 1.1313877914e-2 -1.1401910136e-2 1.2339157783e-2 -1.1457260760e-2 1.3414134570e-2 -1.0238562990e-2 1.5266719250e-2 -6.6728436998e-3 1.9406117802e-2 1.2623268877e-3 2.8525086268e-2 1.6893765112e-2 4.6719450331e-2 4.4831477797e-2 7.9098850955e-2 9.0101132166e-2 1.3034933041e-1 1.5612588619e-1 2.0220063102e-1 2.4188354166e-1 2.9057719315e-1 3.3947988722e-1 3.8404780513e-1 4.3393033812e-1 4.6525321365e-1 5.0637400393e-1 5.1575460823e-1 5.4014835952e-1 5.2264858578e-1 5.2712637530e-1 4.8375334520e-1 4.7102490078e-1 4.0854270259e-1 3.8583642881e-1 3.1429827916e-1 2.9027168885e-1 2.1961857783e-1 2.0120873589e-1 1.3860425438e-1 1.2923319212e-1 7.8100649966e-2 7.7651083936e-2 3.8295365136e-2 4.4304452451e-2
3.1360000000e0 3.8545171214e-2 1.5545100447e-2 1.8001659434e-2 8.2270470212e-3 5.3495302452e-3 7.0304107121e-3 -2.8160862839e-3 8.8896056361e-3 -8.5790439427e-3 1.1948401293e-2 -1.3003764883e-2 1.5191256616e-2 -1.6528719195e-2 1.8093174043e-2 -1.9274182163e-2 2.0384461091e-2 -2.1228423422e-2 2.1925719688e-2 -2.2338380541e-2 2.2659025219e-2 -2.2536400058e-2 2.2611601323e-2 -2.1715038198e-2 2.1952633801e-2 -1.9636367461e-2 2.1127882404e-2 -1.5743412008e-2 2.1105713615e-2 -8.8491141377e-3 2.3735606400e-2 3.2556752487e-3 3.2114407270e-2 2.4087452163e-2 5.0678496338e-2 5.8275890622e-2 8.4586313251e-2 1.1044758643e-1 1.3802871213e-1 1.8301361734e-1 2.1159743604e-1 2.7338978509e-1 2.9968431833e-1 3.7202885248e-1 3.8956339790e-1 4.6295627206e-1 4.6358392887e-1 5.2764949113e-1 5.0445361779e-1 5.5122620497e-1 5.0158948016e-1 5.2815482907e-1 4.5538778391e-1 4.6448713716e-1 3.7708267003e-1 3.7537244781e-1 2.8427170106e-1 2.7923557495e-1 1.9454031520e-1 1.9166262161e-1 1.2031639252e-1 1.2171012417e-1 6.6870952882e-2 7.1552549582e-2 3.3375977508e-2
3.1920000000e0 4.2680806557e-2 1.8863636689e-2 3.0999928829e-2 -3.4805403714e-3 2.8208635945e-2 -1.7964451552e-2 3.0086703456e-2 -2.7592103832e-2 3.3743844214e-2 -3.4145612044e-2 3.7450173405e-2 -3.8510155475e-2 4.0274239230e-2 -4.1049588107e-2 4.1759686070e-2 -4.1887145050e-2 4.1714077848e-2 -4.1069301579e-2 4.0098675480e-2 -3.8640081464e-2 3.6987524674e-2 -3.4653156984e-2 3.2577644980e-2 -2.9128240816e-2 2.7256512341e-2 -2.1933997913e-2 2.1754214187e-2 -1.2566134159e-2 1.7408277742e-2 1.9078829113e-4 1.6520991644e-2 1.8645399173e-2 2.2666521191e-2 4.6395991730e-2 4.0629621518e-2 8.7947850095e-2 7.5549249503e-2 1.4735872235e-1 1.3100455149e-1 2.2588651850e-1 2.0635759735e-1 3.1936026651e-1 2.9448790281e-1 4.1674140576e-1 3.8154456451e-1 5.0140137376e-1 4.4984108341e-1 5.5554798385e-1 4.8342328056e-1 5.6635885580e-1 4.7400884636e-1 5.3095391807e-1 4.2429972683e-1 4.5757482648e-1 3.4686256395e-1 3.6231942218e-1 2.5919726091e-1 2.6321007431e-1 1.7760966815e-1 1.7459150731e-1 1.1276465084e-1 1.0417834251e-1 6.8384514526e-2 5.3247166476e-2
3.2480000000e0 6.7086472249e-3 8.1326872643e-2 -2.8994095692e-2 7.4750311248e-2 -5.1927722770e-2 7.4429054525e-2 -6.5922796382e-2 7.6381688378e-2 -7.3690545506e-2 7.7986669695e-2 -7.6860539584e-2 7.7769198241e-2 -7.6315066313e-2 7.5045118961e-2 -7.2538989545e-2 6.9617313036e-2 -6.5867671290e-2 6.1579202916e-2 -5.6622322945e-2 5.1209910286e-2 -4.5160410164e-2 3.8932785888e-2 -3.1864252482e-2 2.5324924398e-2 -1.7069371310e-2 1.1189181390e-2 -9.1192180275e-4 -2.2825809144e-3 1.6932323215e-2 -1.3235678279e-2 3.7611586604e-2 -1.8813264249e-2 6.3457935475e-2 -1.4932327947e-2 9.8075656226e-2 3.4794434998e-3 1.4575827341e-1 4.1387821448e-2 2.0991341243e-1 1.0155463123e-1 2.9062987286e-1 1.8193556390e-1 3.8228043587e-1 2.7383154551e-1 4.7266059494e-1 3.6233092611e-1 5.4496707270e-1 4.2982705140e-1 5.8263534673e-1 4.6172450889e-1 5.7525598942e-1 4.5184747643e-1 5.2272268213e-1 4.0478914539e-1 4.3540349922e-1 3.3393292464e-1 3.3023507951e-1 2.5623008835e-1 2.2481621919e-1 1.8643317063e-1 1.3236680209e-1 1.3335783637e-1 5.9467817012e-2 9.9213026490e-2
3.3040000000e0 1.7979490301e-1 -8.6019744659e-2 1.6441646875e-1 -1.1730984356e-1 1.5598678721e-1 -1.3347436891e-1 1.4981138077e-1 -1.3828111605e-1 1.4245377676e-1 -1.3450234327e-1 1.3190058003e-1 -1.2400759616e-1 1.1730274381e-1 -1.0808581759e-1 9.8614106954e-2 -8.7753257926e-2 7.6291412684e-2 -6.3954640293e-2 5.1095424178e-2 -3.7656360044e-2 2.3975691050e-2 -9.8592423068e-3 -3.9848649134e-3 1.8449835593e-2 -3.1571679077e-2 4.6409981700e-2 -5.7370065102e-2 7.3483803201e-2 -7.9598122839e-2 9.9760967333e-2 -9.5833576983e-2 1.2634068386e-1 -1.0270751535e-1 1.5565115863e-1 -9.5782429318e-2 1.9140608866e-1 -6.9976105715e-2 2.3780868797e-1 -2.0880980736e-2 2.9777487073e-1 5.3013710427e-2 3.7047590309e-1 1.4786585944e-1 4.4923905157e-1 2.5312678321e-1 5.2128381234e-1 3.5268049475e-1 5.7032982576e-1 4.2889719751e-1 5.8169394835e-1 4.6834338123e-1 5.4783556643e-1 4.6657040605e-1 4.7161703712e-1 4.2952922294e-1 3.6552978097e-1 3.7086688884e-1 2.4728512510e-1 3.0657027543e-1 1.3404824059e-1 2.4964989268e-1 3.7986305663e-2 2.0710149284e-1 -3.5352803384e-2
3.3600000000e0 -1.9376307499e-1 3.1767476651e-1 -2.2667690039e-1 2.8767661828e-1 -2.3600698345e-1 2.5878608879e-1 -2.2661619458e-1 2.2739092640e-1 -2.0293820516e-1 1.9132836135e-1 -1.6856751360e-1 1.4991803043e-1 -1.2636450236e-1 1.0363900287e-1 -7.8731213232e-2 5.3738045323e-2 -2.7850210507e-2 1.9068319711e-3 2.4183653472e-2 -4.9943388031e-2 7.5331599934e-2 -9.9826814605e-2 1.2365202202e-1 -1.4576608510e-1 1.6739828651e-1 -1.8581279273e-1 2.0517883073e-1 -2.1798470125e-1 2.3620063199e-1 -2.4009381839e-1 2.6060656107e-1 -2.4947335508e-1 2.7985504229e-1 -2.4270704532e-1 2.9696491603e-1 -2.1561158145e-1 3.1630235297e-1 -1.6383693956e-1 3.4254913496e-1 -8.4367018478e-2 3.7873466485e-1 2.2216650311e-2 4.2379705852e-1 1.4953018333e-1 4.7082320555e-1 2.8460625855e-1 5.0736892661e-1 4.0972892187e-1 5.1859462005e-1 5.0693428262e-1 4.9245938715e-1 5.6360597367e-1 4.2475481124e-1 5.7658518691e-1 3.2144061599e-1 5.5270444346e-1 1.9700709363e-1 5.0549788186e-1 6.9699901542e-2 4.4984803983e-1 -4.4002562287e-2 3.9717886910e-1 -1.3323241605e-1 3.5308171703e-1
3.4160000000e0 5.4572414340e-1 -3.7975132926e-1 4.6655371558e-1 -3.5931681666e-1 3.8587452348e-1 -3.1134907525e-1 3.0149009154e-1 -2.4266142863e-1 2.1221888497e-1 -1.5965971483e-1 1.1841022872e-1 -6.7965294536e-2 2.1813334168e-2 2.7525698301e-2 -7.4844463306e-2 1.2245709301e-1 -1.6831374378e-1 2.1287475479e-1 -2.5519724484e-1 2.9518580850e-1 -3.3222125918e-1 3.6620081507e-1 -3.9641914985e-1 4.2323179725e-1 -4.4523911536e-1 4.6423318232e-1 -4.7656967066e-1 4.8799381166e-1 -4.8865950241e-1 4.9439905293e-1 -4.7991194126e-1 4.8476130320e-1 -4.4858209105e-1 4.6214148152e-1 -3.9251316916e-1 4.3145268793e-1 -3.0919205987e-1 3.9901205139e-1 -1.9647895147e-1 3.7122885224e-1 -5.4210422749e-2 3.5243755924e-1 1.1360809694e-1 3.4249899862e-1 2.9696878045e-1 3.3539297420e-1 4.7972808498e-1 3.2007758384e-1 6.4212438984e-1 2.8403051917e-1 7.6563183110e-1 2.1838146108e-1 8.3833126258e-1 1.2232251400e-1 8.5829852352e-1 4.5211853624e-3 8.3331586942e-1 -1.1926793823e-1 7.7711525114e-1 -2.3119147660e-1 7.0412377633e-1 -3.1646577510e-1 6.2517553728e-1 -3.6657879600e-1
3.4720000000e0 -5.3124260800e-1 6.3908068281e-1 -4.3382076505e-1 4.5472942204e-1 -3.0187083165e-1 2.6816125669e-1 -1.4568801618e-1 8.1438033831e-2 2.4019852687e-2 -1.0239288403e-1 1.9725951737e-1 -2.7907757053e-1 3.6517566603e-1 -4.4348994796e-1 5.2009387015e-1 -5.9018256601e-1 6.5545738339e-1 -7.1392435722e-1 7.6579891223e-1 -8.1012692853e-1 8.4677935186e-1 -8.7514356783e-1 8.9527403086e-1 -9.0645351068e-1 9.0948127226e-1 -9.0273878396e-1 8.8904503056e-1 -8.6384367876e-1 8.3520367753e-1 -7.9059529782e-1 7.5098259686e-1 -6.8447749164e-1 6.4141682048e-1 -5.4721265115e-1 5.1370226334e-1 -3.8042432727e-1 3.7704246746e-1 -1.8568577268e-1 2.4186215612e-1 3.4712878597e-2 1.1814539936e-1 2.7617426408e-1 1.3045402732e-2 5.2980598437e-1 -7.1466244355e-2 7.8107624491e-1 -1.3965480224e-1 1.0103800506e0 -2.0067618648e-1 1.1961926820e0 -2.6474063738e-1 1.3201516236e0 -3.3816075067e-1 1.3720713524e0 -4.1961132314e-1 1.3525456026e0 -4.9956413985e-1 1.2718592424e0 -5.6325101642e-1 1.1458245062e0 -5.9566435979e-1 9.9064430765e-1 -5.8622044957e-1 8.1907474188e-1
3.5280000000e0 6.3124943277e-1 -2.6570755182e-1 2.6106553850e-1 2.2916253206e-2 -1.0002602674e-1 3.2737193584e-1 -4.4313714486e-1 6.3084429871e-1 -7.5997670654e-1 9.1723653897e-1 -1.0422064425e0 1.1723525401e0 -1.2815377862e0 1.3844059237e0 -1.4702625179e0 1.5441619471e0 -1.6018970776e0 1.6449517333e0 -1.6717370784e0 1.6826725850e0 -1.6772406388e0 1.6557942493e0 -1.6182316637e0 1.5653520142e0 -1.4969371814e0 1.4149089704e0 -1.3178669216e0 1.2104895622e0 -1.0875289226e0 9.6050572854e-1 -8.1397008946e-1 6.7569634357e-1 -5.0615597560e-1 3.6905814373e-1 -1.7327985851e-1 5.5648684807e-2 1.7578495568e-1 -2.4798416345e-1 5.3256328618e-1 -5.2505041763e-1 8.8828714296e-1 -7.6059597050e-1 1.2324337020e0 -9.4411805000e-1 1.5510481722e0 -1.0718258631e0 1.8259480611e0 -1.1473010053e0 2.0359558914e0 -1.1796589756e0 2.1605445972e0 -1.1794460848e0 2.1849283085e0 -1.1538753562e0 2.1045029867e0 -1.1036728619e0 1.9265122967e0 -1.0231548806e0 1.6680848770e0 -9.0347668754e-1 1.3516108855e0 -7.3735369214e-1 9.9962543832e-1 -5.2299235157e-1
3.5840000000e0 5.8071009895e-1 -6.4072428529e-1 1.1204865304e0 -1.2603359956e0 1.6373744306e0 -1.8134777288e0 2.1069303983e0 -2.2838671316e0 2.5061404988e0 -2.6580908346e0 2.8155025546e0 -2.9253228962e0 3.0202043930e0 -3.0776153271e0 3.1105947443e0 -3.1104462693e0 3.0822364086e0 -3.0232322850e0 2.9357550690e0 -2.8196331961e0 2.6765825069e0 -2.5075925835e0 2.3146152145e0 -2.0991218916e0 1.8637828186e0 -1.6098556377e0 1.3415291142e0 -1.0583998231e0 7.6823052617e-1 -4.6548488995e-1 1.6659353157e-1 1.4706301727e-1 -4.3893606815e-1 7.5748222762e-1 -1.0227739283e0 1.3452303312e0 -1.5589360144e0 1.8918744800e0 -2.0221591580e0 2.3813752818e0 -2.3896641442e0 2.7995100004e0 -2.6436078058e0 3.1325422480e0 -2.7737890742e0 3.3658114973e0 -2.7796228109e0 3.4833603293e0 -2.6701954245e0 3.4695923402e0 -2.4617467229e0 3.3130529512e0 -2.1731273224e0 3.0111103072e0 -1.8210129198e0 2.5734236533e0 -1.4170362372e0 2.0223564237e0 -9.6810660804e-1 1.3899049440e0 -4.7950062644e-1 7.1241306576e-1 4.1099567249e-2 2.5251217631e-2
3.6400000000e0 -3.0943204618e0 3.8218617854e0 -4.0184818919e0 4.5636537402e0 -4.7672702989e0 5.1492428605e0 -5.3159066633e0 5.5514511084e0 -5.6482189192e0 5.7500276354e0 -5.7558570845e0 5.7334529126e0 -5.6379677846e0 5.4996917062e0 -5.3011844160e0 5.0561235605e0 -4.7596365482e0 4.4189405515e0 -4.0347329026e0 3.6122231975e0 -3.1545985018e0 2.6668044915e0 -2.1531548007e0 1.6189700871e0 -1.0688898656e0 5.0902695097e-1 5.6618086286e-2 -6.2021411346e-1 1.1803663284e0 -1.7249754179e0 2.2597337627e0 -2.7619919128e0 3.2543714080e0 -3.6898775238e0 4.1280770453e0 -4.4703929863e0 4.8504630166e0 -5.0697449305e0 5.3981158432e0 -5.4601488185e0 5.7549047979e0 -5.6218632879e0 5.9112512354e0 -5.5456355694e0 5.8625890173e0 -5.2350012019e0 5.6078016671e0 -4.7074064133e0 5.1487545349e0 -3.9930871674e0 4.4917479520e0 -3.1313329104e0 3.6507178611e0 -2.1649948933e0 2.6507791975e0 -1.1351577376e0 1.5300731778e0 -7.7990952014e-2 3.3841565061e-1 9.7528409090e-1 -8.6726099165e-1 1.9960161636e0 -2.0291459109e0 2.9551985348e0
3.6960000000e0 9.4447288334e0 -9.6008663139e0 1.0232226103e1 -1.0313947125e1 1.0647907494e1 -1.0610586646e1 1.0672553511e1 -1.0483593648e1 1.0300508975e1 -9.9426566153e0 9.5414742397e0 -9.0127343659e0 8.4209981513e0 -7.7325860407e0 6.9797035269e0 -6.1533080647e0 5.2715398232e0 -4.3366487654e0 3.3613949622e0 -2.3529466301e0 1.3223202330e0 -2.7866514831e-1 -7.6746647305e-1 1.8064037800e0 -2.8276845413e0 3.8221476662e0 -4.7790982181e0 5.6912242756e0 -6.5465140019e0 7.3421197619e0 -8.0615418254e0 8.7120720507e0 -9.2649994114e0 9.7497524293e0 -1.0108881961e1 1.0417555582e1 -1.0557912639e1 1.0693264823e1 -1.0590816992e1 1.0570775187e1 -1.0201555562e1 1.0059570171e1 -9.4006851388e0 9.1828748554e0 -8.2167108025e0 7.9748747673e0 -6.6968035524e0 6.4779154525e0 -4.9058835806e0 4.7408063422e0 -2.9232037266e0 2.8189061179e0 -8.3639661388e-1 7.7560707223e-1 1.2658391987e0 -1.3162738906e0 3.3003837588e0 -3.3750668166e0 5.1938118081e0 -5.3138944849e0 6.8833466541e0 -7.0469899170e0 8.3155713087e0 -8.4969523216e0
3.7520000000e0 -1.9499007862e1 1.9881447981e1 -1.9426311322e1 1.9304481775e1 -1.8585562299e1 1.8006364677e1 -1.7011410425e1 1.6033403623e1 -1.4768699113e1 1.3456728496e1 -1.1948286145e1 1.0370975616e1 -8.6624769956e0 6.8913692036e0 -5.0403187806e0 3.1494121896e0 -1.2227241634e0 -7.1238257428e-1 2.6426581404e0 -4.5462764937e0 6.4068225510e0 -8.2052437588e0 9.9249161860e0 -1.1548790786e1 1.3061681792e1 -1.4448437016e1 1.5696612130e1 -1.6792660026e1 1.7728608659e1 -1.8491116638e1 1.9079971584e1 -1.9477965709e1 1.9699581877e1 -1.9714155859e1 1.9565147868e1 -1.9188620687e1 1.8684362396e1 -1.7918451074e1 1.7094756237e1 -1.5948260376e1 1.4861991821e1 -1.3349040013e1 1.2076420880e1 -1.0216705167e1 8.8480291079e0 -6.6701944472e0 5.3003908179e0 -2.8485291678e0 1.5647294170e0 1.0940231295e0 -2.2247491063e0 4.9952439640e0 -5.9336716050e0 8.6943588146e0 -9.4289736566e0 1.2042033590e1 -1.2580515336e1 1.4908854083e1 -1.5264454331e1 1.7190599178e1 -1.7369073475e1 1.8809951767e1 -1.8802293307e1 1.9715735245e1
3.8080000000e0 3.3952568058e1 -3.2018992570e1 3.0505771619e1 -2.8104035160e1 2.5907899418e1 -2.3088035298e1 2.0334341227e1 -1.7166550195e1 1.3995451644e1 -1.0571567643e1 7.1302028475e0 -3.5610379565e0 -1.7371705919e-3 3.5919610199e0 -7.1293995574e0 1.0610002058e1 -1.3980884072e1 1.7221841199e1 -2.0294044071e1 2.3172553678e1 -2.5826857801e1 2.8233053080e1 -3.0366969829e1 3.2208698882e1 -3.3740001852e1 3.4946670120e1 -3.5816319779e1 3.6341809834e1 -3.6516007926e1 3.6340710118e1 -3.5811857625e1 3.4943888990e1 -3.3730243355e1 3.2205985975e1 -3.0349851454e1 2.8233950967e1 -2.5798358615e1 2.3183206226e1 -2.0247327174e1 1.7251737688e1 -1.3905749418e1 1.0672081737e1 -7.0127407438e0 3.7013200175e0 1.7025442968e-1 -3.3904481247e0 7.3677418605e0 -1.0332184014e1 1.4299364857e1 -1.6863184244e1 2.0690578311e1 -2.2742287688e1 2.6284973122e1 -2.7754484543e1 3.0857461423e1 -3.1715505101e1 3.4226532656e1 -3.4475796228e1 3.6263441468e1 -3.5925235535e1 3.6896872794e1 -3.5998924054e1 3.6113048247e1 -3.4683049695e1
3.8640000000e0 -4.4462121669e1 3.9725371617e1 -3.3791350658e1 2.8205442239e1 -2.1801403813e1 1.5622579294e1 -8.9532142259e0 2.4584614453e0 4.2563030985e0 -1.0785039868e1 1.7315060899e1 -2.3603513431e1 2.9716892567e1 -3.5508281520e1 4.0981783280e1 -4.6044716680e1 5.0674507937e1 -5.4809732002e1 5.8421192069e1 -6.1467521344e1 6.3923394030e1 -6.5762748759e1 6.6969314551e1 -6.7530581540e1 6.7441759729e1 -6.6703156351e1 6.5322555295e1 -6.3312237313e1 6.0693231983e1 -5.7487971954e1 5.3731953293e1 -4.9453788663e1 4.4706812937e1 -3.9517621384e1 3.3965764634e1 -2.8059807517e1 2.1923538415e1 -1.5518191858e1 9.0459342016e0 -2.3711704558e0 -4.1681122339e0 1.0880431541e1 -1.7206252119e1 2.3731732590e1 -2.9563615208e1 3.5691709633e1 -4.0763885185e1 4.6300364034e1 -5.0379135225e1 5.5145270603e1 -5.8046773685e1 6.1877737261e1 -6.3482253411e1 6.6228337100e1 -6.6487102342e1 6.8020680392e1 -6.6952976020e1 6.7181514281e1 -6.4863158144e1 6.3745205715e1 -6.0292746346e1 5.7851606395e1 -5.3407745093e1 4.9737790038e1
3.9200000000e0 3.3368445787e1 -2.0898983560e1 9.1313591199e0 3.4803363252e0 -1.5437079067e1 2.7746497218e1 -3.9391679675e1 5.0966125376e1 -6.1814238711e1 7.2243443500e1 -8.1847208772e1 9.0756345480e1 -9.8725134675e1 1.0578926275e2 -1.1180310291e2 1.1676131103e2 -1.2058117060e2 1.2324872469e2 -1.2472364907e2 1.2500094999e2 -1.2407226187e2 1.2194999394e2 -1.1865249769e2 1.1421279618e2 -1.0867283180e2 1.0208657785e2 -9.4516828448e1 8.6037346534e1 -7.6728435183e1 6.6681990450e1 -5.5991039463e1 4.4764650425e1 -3.3101086483e1 2.1128286519e1 -8.9372651892e0 -3.3174704072e0 1.5573532531e1 -2.7630996276e1 3.9492083239e1 -5.0874681506e1 6.1902974893e1 -7.2151105089e1 8.1949391790e1 -9.0638214537e1 9.8865029211e1 -1.0562223065e2 1.1200199511e2 -1.1652673495e2 1.2085411444e2 -1.2293614110e2 1.2507555723e2 -1.2461179264e2 1.2449484181e2 -1.2149952958e2 1.1912385774e2 -1.1372869446e2 1.0916083103e2 -1.0160376431e2 9.4985681709e1 -8.5590462479e1 7.7146545462e1 -6.6297949574e1 5.6337422048e1 -4.4457733582e1
3.9760000000e0 4.3317262131e1 -6.4858514394e1 8.6768052750e1 -1.0700030339e2 1.2690256046e2 -1.4501030669e2 1.6218070673e2 -1.7742754172e2 1.9124534458e2 -2.0300899353e2 2.1297585316e2 -2.2077578507e2 2.2653277227e2 -2.3004939692e2 2.3139119682e2 -2.3047691229e2 2.2736147639e2 -2.2204432028e2 2.1459654657e2 -2.0507716732e2 1.9358584006e2 -1.8022830729e2 1.6513620682e2 -1.4845306770e2 1.3034068480e2 -1.1097271886e2 9.0536356268e1 -6.9227637930e1 4.7252907704e1 -2.4821974678e1 2.1538635246e0 2.0538051832e1 -4.3027245429e1 6.5109861199e1 -8.6553318582e1 1.0718170060e2 -1.2675018631e2 1.4513869783e2 -1.6207068654e2 1.7752513167e2 -1.9115400831e2 2.0310033104e2 -2.1287824648e2 2.2088582510e2 -2.2640434668e2 2.3020180992e2 -2.3120974856e2 2.3069170262e2 -2.2711006606e2 2.2233440444e2 -2.1426724433e2 2.0544461681e2 -1.9318308465e2 1.8066184463e2 -1.6467801861e2 1.4892849099e2 -1.2985640959e2 1.1145698889e2 -9.0060960916e1 6.9685789529e1 -4.6819424597e1 2.5224671447e1 -1.7864818497e0 -2.0208816962e1
4.0320000000e0 -2.5609651359e2 2.8905754285e2 -3.1815181192e2 3.4511129915e2 -3.6796427993e2 3.8792132073e2 -4.0361616979e2 4.1584388850e2 -4.2373780026e2 4.2780401847e2 -4.2755899750e2 4.2333824708e2 -4.1493713493e2 4.0261391718e2 -3.8636134152e2 3.6642374674e2 -3.4293300227e2 3.1615578433e2 -2.8632325687e2 2.5374005314e2 -2.1870892509e2 1.8157415613e2 -1.4268911234e2 1.0243087703e2 -6.1185566273e1 1.9351419826e1 2.2669441060e1 -6.4471583999e1 1.0565340477e2 -1.4581680712e2 1.8457742351e2 -2.2155798490e2 2.5640882144e2 -2.8878394081e2 3.1838784956e2 -3.4491026273e2 3.6813397593e2 -3.8777836183e2 4.0373762968e2 -4.1573819340e2 4.2383374526e2 -4.2771163111e2 4.2765407544e2 -4.2323428132e2 4.1505605289e2 -4.0247428850e2 3.8652703077e2 -3.6622732726e2 3.4316399843e2 -3.1588752274e2 2.8663017811e2 -2.5339466653e2 2.1909095781e2 -1.8115904683e2 1.4313212882e2 -1.0196659451e2 6.1663355714e1 -1.8868632310e1 -2.2190439419e1 6.4938233603e1 -1.0520701314e2 1.4623614851e2 -1.8419055081e2 2.2190862617e2
4.0880000000e0 7.0541347533e2 -7.3682931024e2 7.6232121187e2 -7.7945386016e2 7.8994778309e2 -7.9210719931e2 7.8723615449e2 -7.7430044491e2 7.5429122501e2 -7.2671890410e2 6.9237668398e2 -6.5119445632e2 6.0386792757e2 -5.5063365774e2 4.9216214501e2 -4.2890489726e2 3.6154863687e2 -2.9068915171e2 2.1704430187e2 -1.4129999507e2 6.4200778657e1 1.3520427310e1 -9.1109133637e1 1.6782181116e2 -2.4291741177e2 3.1567413797e2 -3.8539034193e2 4.5139541725e2 -5.1305280957e2 5.6976997891e2 -6.2099872949e2 6.6624892222e2 -7.0507953161e2 7.3712501961e2 -7.6206345489e2 7.7967535790e2 -7.8975952933e2 7.9226622067e2 -7.8710151819e2 7.7441611401e2 -7.5418869911e2 7.2681436806e2 -6.9228210043e2 6.5129439065e2 -6.0375654854e2 5.5076242049e2 -4.9201047745e2 4.2908452530e2 -3.6133680433e2 2.9093652925e2 -2.1675931189e2 1.4162330550e2 -6.3840075660e1 -1.3124887530e1 9.1535265442e1 -1.6737084753e2 2.4338614802e2 -3.1519565036e2 3.8587004990e2 -4.5092312131e2 5.1350951214e2 -5.6933626450e2 6.2140333211e2 -6.6587814465e2
4.1440000000e0 -1.4656656418e3 1.4619832064e3 -1.4429618909e3 1.4111500880e3 -1.3647937730e3 1.3061027289e3 -1.2341595491e3 1.1508818087e3 -1.0560776022e3 9.5145239005e2 -8.3739305166e2 7.1547571042e2 -5.8651336453e2 4.5201622404e2 -3.1308383891e2 1.7119452152e2 -2.7615918551e1 -1.1620085049e2 2.5891723323e2 -3.9912775104e2 5.3550246763e2 -6.6671488820e2 7.9150968887e2 -9.0867983331e2 1.0171001150e3 -1.1157244032e3 1.2036041715e3 -1.2798921518e3 1.3438545311e3 -1.3948742184e3 1.4324615031e3 -1.4562517817e3 1.4660201868e3 -1.4616658030e3 1.4432414296e3 -1.4109075319e3 1.3650015587e3 -1.3059263051e3 1.2343089487e3 -1.1507543894e3 1.0561886271e3 -9.5135187944e2 8.3748918929e2 -7.1537780304e2 5.8661924065e2 -4.5189642081e2 3.1322334930e2 -1.7103005992e2 2.7810043414e1 1.1642841932e2 -2.5865343497e2 3.9942920798e2 -5.3516335577e2 6.6709001574e2 -7.9110182260e2 9.0911558531e2 -1.0166427714e3 1.1161959588e3 -1.2031266076e3 1.2803672698e3 -1.3433902663e3 1.3953199022e3 -1.4320412411e3 1.4566411871e3
4.2000000000e0 2.4597272766e3 -2.3348262141e3 2.1887824237e3 -2.0204663916e3 1.8337336012e3 -1.6284477444e3 1.4082317531e3 -1.1738304853e3 9.2863161453e2 -6.7408422811e2 4.1336334819e2 -1.4841592439e2 -1.1777458839e2 3.8296960802e2 -6.4437486795e2 8.9964748005e2 -1.1462043873e3 1.3817585496e3 -1.6039811800e3 1.8107729767e3 -2.0001152510e3 2.1702023046e3 -2.3193846807e3 2.4462328980e3 -2.5495208312e3 2.6282565550e3 -2.6816800429e3 2.7092779863e3 -2.7107836408e3 2.6861835303e3 -2.6357131752e3 2.5598607791e3 -2.4593533943e3 2.3351645164e3 -2.1884812983e3 2.0207302782e3 -1.8335055354e3 1.6286426971e3 -1.4080661741e3 1.1739713373e3 -9.2851029597e2 6.7419175730e2 -4.1326370277e2 1.4851387550e2 1.1787692592e2 -3.8285674376e2 6.4450405635e2 -8.9949639334e2 1.1463823101e3 -1.3815494825e3 1.6042246855e3 -1.8104928563e3 2.0004327776e3 -2.1698481116e3 2.3197732277e3 -2.4458139747e3 2.5499647459e3 -2.6277944151e3 2.6821528049e3 -2.7088029059e3 2.7112527493e3 -2.6857285018e3 2.6361468990e3 -2.5594546028e3
4.2560000000e0 -3.1556027636e3 2.7583795162e3 -2.3331693589e3 1.8867671660e3 -1.4210664018e3 9.4265860577e2 -4.5433812930e2 -3.7658788328e1 5.2986864683e2 -1.0165098152e3 1.4937318038e3 -1.9562789209e3 2.4002082551e3 -2.8208545460e3 3.2144588533e3 -3.5770155106e3 3.9051884792e3 -4.1957066517e3 4.4458494812e3 -4.6531548677e3 4.8156621785e3 -4.9317826102e3 5.0004133590e3 -5.0208835340e3 4.9930022729e3 -4.9170341682e3 4.7937132837e3 -4.6242256828e3 4.4102047691e3 -4.1537106427e3 3.8572147214e3 -3.5235706307e3 3.1559943607e3 -2.7580213572e3 2.3334915275e3 -1.8864819596e3 1.4213152362e3 -9.4244426015e2 4.5452117144e2 3.7814537371e1 -5.2973525297e2 1.0166261590e3 -1.4936266255e3 1.9563788460e3 -2.4001073726e3 2.8209623944e3 -3.2143380027e3 3.5771549883e3 -3.9050250712e3 4.1958986076e3 -4.4456251456e3 4.6534143838e3 -4.8153659716e3 4.9321156767e3 -5.0000449274e3 5.0212843928e3 -4.9925736336e3 4.9174847478e3 -4.7932479277e3 4.6246980735e3 -4.4097336546e3 4.1541724206e3 -3.8567700073e3 3.5239915834e3
4.3120000000e0 2.0708721291e3 -1.1723039528e3 2.6394178893e2 6.4832093021e2 -1.5531271110e3 2.4440400065e3 -3.3104977052e3 4.1458514394e3 -4.9406302157e3 5.6883587847e3 -6.3808781424e3 7.0122841265e3 -7.5758951791e3 8.0667470736e3 -8.4797609015e3 8.8112213999e3 -9.0577441725e3 9.2170935847e3 -9.2876369177e3 9.2687630896e3 -9.1606071374e3 8.9642420931e3 -8.6815382761e3 8.3152317921e3 -7.8688417266e3 7.3466725161e3 -6.7537495168e3 6.0957850692e3 -5.3791142692e3 4.6106402022e3 -3.7977625137e3 2.9483112043e3 -2.0704646297e3 1.1726806127e3 -2.6359943267e2 -6.4801467645e2 1.5533968477e3 -2.4438055535e3 3.3106991565e3 -4.1456793511e3 4.9407771773e3 -5.6882317514e3 6.3809906469e3 -7.0121801643e3 7.5759965217e3 -8.0666421710e3 8.4798753112e3 -8.8110916215e3 9.0578947788e3 -9.2169172016e3 9.2878433754e3 -9.2685232809e3 9.1608826081e3 -8.9639301671e3 8.6818862235e3 -8.3148500735e3 7.8692536975e3 -7.3462355541e3 6.7542052367e3 -6.0953180555e3 5.3795847576e3 -4.6101744452e3 3.7982157437e3 -2.9478777513e3
4.3680000000e0 3.9243224304e3 -5.5454129693e3 7.1146612756e3 -8.6139565593e3 1.0031589693e4 -1.1351464295e4 1.2563020030e4 -1.3652727990e4 1.4611676732e4 -1.5429307148e4 1.6098833528e4 -1.6612928082e4 1.6967339041e4 -1.7158106922e4 1.7183814154e4 -1.7043896281e4 1.6739936043e4 -1.6274689036e4 1.5652759054e4 -1.4880048705e4 1.3964059892e4 -1.2913572986e4 1.1738732306e4 -1.0450834044e4 9.0622931448e3 -7.5864744917e3 6.0375957763e3 -4.4305705492e3 2.7808772884e3 -1.1044020493e3 -5.8270857357e2 2.2642081815e3 -3.9239010537e3 5.5458064624e3 -7.1142997834e3 8.6142831500e3 -1.0031299037e4 1.1351719098e4 -1.2562799229e4 1.3652917427e4 -1.4611514617e4 1.5429446393e4 -1.6098711756e4 1.6613037892e4 -1.6967235176e4 1.7158210810e4 -1.7183704178e4 1.7044018264e4 -1.6739796458e4 1.6274851535e4 -1.5652569138e4 1.4880270020e4 -1.3963804527e4 1.2913864221e4 -1.1738405152e4 1.0451196088e4 -9.0618991832e3 7.5868962929e3 -6.0371519175e3 4.4310298714e3 -2.7804101354e3 1.1048691625e3 5.8316768179e2 -2.2637646064e3
4.4240000000e0 -2.0134546171e4 2.2453096798e4 -2.4553788944e4 2.6419520192e4 -2.8029443814e4 2.9370660079e4 -3.0427934918e4 3.1193113578e4 -3.1657082954e4 3.1816849964e4 -3.1669648997e4 3.1217901139e4 -3.0465150010e4 2.9419283113e4 -2.8089876576e4 2.6490112632e4 -2.4635112721e4 2.2542952299e4 -2.0233626801e4 1.7729485796e4 -1.5054568576e4 1.2234689235e4 -9.2969686174e3 6.2697227240e3 -3.1820897179e3 6.3815459567e1 3.0550759171e3 -6.1445436346e3 9.1748370814e3 -1.2116771090e4 1.4942014610e4 -1.7623357643e4 2.0134979102e4 -2.2452688185e4 2.4554168009e4 -2.6419173982e4 2.8029754792e4 -2.9370384622e4 3.0428175408e4 -3.1192905655e4 3.1657261308e4 -3.1816696824e4 3.1669781623e4 -3.1217783536e4 3.0465258276e4 -2.9419178247e4 2.8089984119e4 -2.6489996570e4 2.4635243241e4 -2.2542802097e4 2.0233801869e4 -1.7729281885e4 1.5054804983e4 -1.2234418346e4 9.2972752871e3 -6.2693809444e3 3.1824649518e3 -6.3410374840e1 -3.0546456381e3 6.1449929497e3 -9.1743756940e3 1.2117236917e4 -1.4941552274e4 1.7623808917e4
4.4800000000e0 5.3502489320e4 -5.5652921345e4 5.7269059775e4 -5.8332096431e4 5.8834809642e4 -5.8769600353e4 5.8139576325e4 -5.6948612053e4 5.5210084458e4 -5.2939105146e4 5.0158917170e4 -4.6895160015e4 4.3180189062e4 -3.9049042508e4 3.4542087064e4 -2.9702277163e4 2.4576565307e4 -1.9214058564e4 1.3666589490e4 -7.9874466582e3 2.2314205563e3 3.5461232175e3 -9.2894968818e3 1.4943420354e4 -2.0453422113e4 2.5766451693e4 -3.0831332763e4 3.5599293464e4 -4.0024412088e4 4.4064074699e4 -4.7679375453e4 5.0835498463e4 -5.3502046961e4 5.5653342771e4 -5.7268664499e4 5.8332460783e4 -5.8834478729e4 5.8769895990e4 -5.8139315599e4 5.6948838935e4 -5.5209888605e4 5.2939273401e4 -5.0158772002e4 4.6895287143e4 -4.3180074541e4 3.9049150379e4 -3.4541980120e4 2.9702389442e4 -2.4576442184e4 1.9214198518e4 -1.3666427923e4 7.9876348671e3 -2.2312022824e3 -3.5458716218e3 9.2897831531e3 -1.4943098720e4 2.0453777817e4 -2.5766064290e4 3.0831747791e4 -3.5598856115e4 4.0024865419e4 -4.4063612764e4 4.7679838550e4 -5.0835042219e4
4.5360000000e0 -1.0891840011e5 1.0813465955e5 -1.0630780585e5 1.0345877571e5 -9.9611867020e4 9.4807028213e4 -8.9087896825e4 8.2511906945e4 -7.5140317949e4 6.7045913125e4 -5.8305122787e4 4.9003399893e4 -3.9229276424e4 2.9077731378e4 -1.8645853862e4 8.0346378065e3 2.6541326469e3 -1.3317209921e4 2.3852132938e4 -3.4157275899e4 4.4133516301e4 -5.3684691218e4 6.2718877799e4 -7.1149030594e4 7.8893990496e4 -8.5879150796e4 9.2037252688e4 -9.7308982477e4 1.0164357552e5 -1.0499928409e5 1.0734379306e5 -1.0865452187e5 1.0891884906e5 -1.0813422710e5 1.0630821505e5 -1.0345839424e5 9.9612216518e4 -9.4806712528e4 8.9088177509e4 -8.2511660429e4 7.5140532009e4 -6.7045728506e4 5.8305281970e4 -4.9003261683e4 3.9229399187e4 -2.9077618853e4 1.8645962470e4 -8.0345277181e3 -2.6540146007e3 1.3317341048e4 -2.3851982738e4 3.4157449519e4 -4.4133314503e4 5.3684924138e4 -6.2718611062e4 7.1149332005e4 -7.8893654510e4 8.5879519632e4 -9.2036854237e4 9.7309406216e4 -1.0164313254e5 1.0499974000e5 -1.0734333205e5 1.0865498090e5
4.5920000000e0 1.7889269720e5 -1.6891658111e5 1.5731545684e5 -1.4419762459e5 1.2969266508e5 -1.1393723729e5 9.7085857783e4 -7.9298300994e4 6.0748104044e4 -4.1611963527e4 2.2075849334e4 -2.3264851648e3 -1.7444750323e4 3.7048416562e4 -5.6294940538e4 7.4999584901e4 -9.2981732634e4 1.1006857470e5 -1.2609527721e5 1.4090770075e5 -1.5436304284e5 1.6633182945e5 -1.7669871812e5 1.8536392322e5 -1.9224395773e5 1.9727258762e5 -2.0040136823e5 2.0160017827e5 -2.0085746572e5 1.9818038771e5 -1.9359472307e5 1.8714463629e5 -1.7889224355e5 1.6891702169e5 -1.5731503519e5 1.4419802101e5 -1.2969229780e5 1.1393757194e5 -9.7085557185e4 7.9298567226e4 -6.0747871167e4 4.1612165620e4 -2.2075675083e4 2.3266363301e3 1.7444882608e4 -3.7048297038e4 5.6295052163e4 -7.4999474464e4 9.2981846932e4 -1.1006844993e5 1.2609541726e5 -1.4090753960e5 1.5436322915e5 -1.6633161375e5 1.7669896588e5 -1.8536364154e5 1.9224427394e5 -1.9727223802e5 2.0040174931e5 -2.0159976997e5 2.0085789689e5 -1.9817994054e5 1.9359518012e5 -1.8714417760e5
4.6480000000e0 -2.2175302351e5 1.9127807719e5 -1.5895924351e5 1.2511125912e5 -9.0056757007e4 5.4136480516e4 -1.7693441178e4 -1.8918730104e4 5.5349830090e4 -9.1246894567e4 1.2626605138e5 -1.6006847676e5 1.9232995592e5 -2.2273869958e5 2.5100274567e5 -2.7684918211e5 3.0002965650e5 -3.2032049145e5 3.3752660854e5 -3.5148205304e5 3.6205261144e5 -3.6913634894e5 3.7266514153e5 -3.7260493725e5 3.6895636284e5 -3.6175452407e5 3.5106880006e5 -3.3700208598e5 3.1968986122e5 -2.9929884600e5 2.7602542082e5 -2.5009371887e5 2.2175347859e5 -1.9127763016e5 1.5895967479e5 -1.2511084911e5 9.0057140249e4 -5.4136127732e4 1.7693761123e4 1.8919015828e4 -5.5349577718e4 9.1247114436e4 -1.2626586036e5 1.6006864156e5 -1.9232981172e5 2.2273882702e5 -2.5100262831e5 2.7684929397e5 -3.0002954321e5 3.2032061104e5 -3.3752647618e5 3.5148220292e5 -3.6205243876e5 3.6913654851e5 -3.7266491175e5 3.7260519996e5 -3.6895606654e5 3.6175485463e5 -3.5106843768e5 3.3700247833e5 -3.1968944430e5 2.9929928324e5 -2.7602497087e5 2.5009417562e5
4.7040000000e0 1.2463412598e5 -5.7474656691e4 -1.0236535589e4 7.7850888640e4 -1.4471382210e5 2.1018466133e5 -2.7362984092e5 3.3444115571e5 -3.9203041420e5 4.4584527189e5 -4.9536546735e5 5.4011581812e5 -5.7966388756e5 6.1363003333e5 -6.4168613218e5 6.6356280768e5 -6.7904872218e5 6.8799525060e5 -6.9031583697e5 6.8598843377e5 -6.7505449113e5 6.5761947459e5 -6.3385117289e5 6.0397857329e5 -5.6828930528e5 5.2712711742e5 -4.8088839595e5 4.3001846386e5 -3.7500721398e5 3.1638444283e5 -2.5471471447e5 1.9059194557e5 -1.2463367101e5 5.7475107009e4 1.0236974767e4 -7.7850467396e4 1.4471421969e5 -2.1018429152e5 2.7363017900e5 -3.3444085022e5 3.9203068536e5 -4.4584503274e5 4.9536567493e5 -5.4011563728e5 5.7966404391e5 -6.1362989510e5 6.4168625592e5 -6.6356269146e5 6.7904883546e5 -6.8799513354e5 6.9031596296e5 -6.8598829307e5 6.7505465173e5 -6.5761928991e5 6.3385138622e5 -6.0397832938e5 5.6828958291e5 -5.2712680692e5 4.8088874024e5 -4.3001808959e5 3.7500761649e5 -3.1638401851e5 2.5471515636e5 -1.9059149415e5
4.7600000000e0 3.4501288272e5 -4.6392139148e5 5.7836387788e5 -6.8723463858e5 7.8948866349e5 -8.8413785191e5 9.7027383735e5 -1.0470641451e6 1.1137719338e6 -1.1697523446e6 1.2144684085e6 -1.2474876053e6 1.2684935580e6 -1.2772826007e6 1.2737712284e6 -1.2579923248e6 1.2300986016e6 -1.1903580936e6 1.1391539899e6 -1.0769790555e6 1.0044323403e6 -9.2221230681e5 8.3111092701e5 -7.3200545010e5 6.2585039191e5 -5.1366803062e5 3.9653878020e5 -2.7559063463e5 1.5198840718e5 -2.6922443994e4 -9.8402794244e4 2.2278036162e5 -3.4501243104e5 4.6392184317e5 -5.7836343331e5 6.8723506873e5 -7.8948825289e5 8.8413823643e5 -9.7027348110e5 1.0470644684e6 -1.1137716424e6 1.1697526017e6 -1.2144681820e6 1.2474878015e6 -1.2684933865e6 1.2772827498e6 -1.2737710952e6 1.2579924461e6 -1.2300984857e6 1.1903582095e6 -1.1391538682e6 1.0769791890e6 -1.0044321906e6 9.2221247893e5 -8.3111072997e5 7.3200567756e5 -6.2585013387e5 5.1366832297e5 -3.9653845595e5 2.7559099187e5 -1.5198802190e5 2.6922855370e4 9.8403224811e4 -2.2277991662e5
4.8160000000e0 -1.5737812034e6 1.7391235553e6 -1.8877154069e6 2.0181293044e6 -2.1291057765e6 2.2195794671e6 -2.2886758117e6 2.3357324320e6 -2.3602933190e6 2.3621245129e6 -2.3412060705e6 2.2977414839e6 -2.2321475725e6 2.1450575533e6 -2.0373088786e6 1.9099402810e6 -1.7641775302e6 1.6014250910e6 -1.4232498134e6 1.2313680466e6 -1.0276273924e6 8.1399022918e5 -5.9251381827e5 3.6533123100e5 -1.3463026468e5 -9.7367236916e4 3.2842705794e5 -5.5632393383e5 7.7886311482e5 -9.9390141249e5 1.1993679000e6 -1.3932838165e6 1.5737816499e6 -1.7391231044e6 1.8877158539e6 -2.0181288665e6 2.1291061966e6 -2.2195790677e6 2.2886761827e6 -2.3357320894e6 2.3602936276e6 -2.3621242355e6 2.3412063141e6 -2.2977412694e6 2.2321477583e6 -2.1450573905e6 2.0373090216e6 -1.9099401520e6 1.7641776504e6 -1.6014249744e6 1.4232499333e6 -1.2313679196e6 1.0276275344e6 -8.1399006989e5 5.9251400260e5 -3.6533102122e5 1.3463050642e5 9.7367509083e4 -3.2842675130e5 5.5632427139e5 -7.7886274566e5 9.9390180797e5 -1.1993674812e6 1.3932842523e6
4.8720000000e0 4.0506045067e6 -4.1930964724e6 4.2952084030e6 -4.3559533491e6 4.3747498386e6 -4.3514133911e6 4.2861720834e6 -4.1796510620e6 4.0328791366e6 -3.8472670849e6 3.6246049112e6 -3.3670347828e6 3.0770391633e6 -2.7574092084e6 2.4112245415e6 -2.0418179279e6 1.6527479296e6 -1.2477607129e6 8.3075715754e5 -4.0575273901e5 -2.3159133164e4 4.5184809640e5 -8.7618542159e5 1.2920846709e6 -1.6955403889e6 2.0826671613e6 -2.4497366858e6 2.7932139238e6 -3.1097909733e6 3.3964190434e6 -3.6503377363e6 3.8691016848e6 -4.0506040667e6 4.1930969187e6 -4.2952079540e6 4.3559537899e6 -4.3747494082e6 4.3514138003e6 -4.2861716957e6 4.1796514192e6 -4.0328788078e6 3.8472673793e6 -3.6246046475e6 3.3670350139e6 -3.0770389604e6 2.7574093851e6 -2.4112243867e6 2.0418180662e6 -1.6527478043e6 1.2477608334e6 -8.3075703963e5 4.0575286403e5 2.3159266346e4 -4.5184794492e5 8.7618559119e5 -1.2920844740e6 1.6955406119e6 -2.0826669054e6 2.4497369722e6 -2.7932136037e6 3.1097913238e6 -3.3964186636e6 3.6503381413e6 -3.8691012602e6
4.9280000000e0 -8.0770929201e6 7.9846277044e6 -7.8152644051e6 7.5706376104e6 -7.2530996722e6 6.8657121485e6 -6.4122023952e6 5.8969412124e6 -5.3248877797e6 4.7015541320e6 -4.0329407101e6 3.3254889694e6 -2.5860099809e6 1.8216271430e6 -1.0397003239e6 2.4776122305e5 5.4656444994e5 -1.3356260051e6 2.1118250746e6 -2.8676858596e6 3.5959294597e6 -4.2895421423e6 4.9418443028e6 -5.5465537170e6 6.0978468482e6 -6.5904143367e6 7.0195125637e6 -7.3810090257e6 7.6714223507e6 -7.8879556749e6 8.0285236806e6 -8.0917726101e6 8.0770933488e6 -7.9846272612e6 7.8152648498e6 -7.5706371643e6 7.2531001058e6 -6.8657117266e6 6.4122027928e6 -5.8969408372e6 5.3248881234e6 -4.7015538175e6 4.0329409910e6 -3.3254887194e6 2.5860102007e6 -1.8216269514e6 1.0397004929e6 -2.4776107573e5 -5.4656431486e5 1.3356261277e6 -2.1118249526e6 2.8676859798e6 -3.5959293286e6 4.2895422826e6 -4.9418441414e6 5.5465538978e6 -6.0978466386e6 6.5904145735e6 -7.0195122942e6 7.3810093265e6 -7.6714220182e6 7.8879560382e6 -8.0285232917e6 8.0917730238e6
4.9840000000e0 1.2981706694e7 -1.2186359381e7 1.1273652489e7 -1.0252372404e7 9.1323581321e6 -7.9243925144e6 6.6401123638e6 -5.2918826723e6 3.8926907957e6 -2.4560087491e6 9.9567530447e5 4.7424821758e5 -1.9396034226e6 3.3862801019e6 -4.8003442646e6 6.1681791558e6 -7.4766105523e6 8.7130385604e6 -9.8655548730e6 1.0923060795e7 -1.1875371438e7 1.2713315942e7 -1.3428824127e7 1.4015005496e7 -1.4466214627e7 1.4778106257e7 -1.4947676606e7 1.4973292685e7 -1.4854707752e7 1.4593063876e7 -1.4190880808e7 1.3652031807e7 -1.2981706272e7 1.2186359813e7 -1.1273652044e7 1.0252372846e7 -9.1323576905e6 7.9243929401e6 -6.6401119518e6 5.2918830586e6 -3.8926904341e6 2.4560090798e6 -9.9567500489e5 -4.7424794894e5 1.9396036586e6 -3.3862798921e6 4.8003444451e6 -6.1681789932e6 7.4766106929e6 -8.7130384273e6 9.8655549939e6 -1.0923060670e7 1.1875371562e7 -1.2713315804e7 1.3428824275e7 -1.4015005325e7 1.4466214820e7 -1.4778106035e7 1.4947676857e7 -1.4973292403e7 1.4854708068e7 -1.4593063532e7 1.4190881184e7 -1.3652031410e7
5.0400000000e0 -1.5499070255e7 1.3171574351e7 -1.0717227299e7 8.1596692243e6 -5.5235273177e6 2.8341925754e6 -1.1756128816e5 -2.6002005134e6 5.2929225493e6 -7.9346693586e6 1.0500002341e7 -1.2964213308e7 1.5303572936e7 -1.7495549800e7 1.9519035818e7 -2.1354542112e7 2.2984393115e7 -2.4392891330e7 2.5566473090e7 -2.6493835397e7 2.7166047857e7 -2.7576636214e7 2.7721646652e7 -2.7599682355e7 2.7211918122e7 -2.6562088174e7 2.5656450846e7 -2.4503727836e7 2.3115020556e7 -2.1503702975e7 1.9685292991e7 -1.7677302867e7 1.5499070658e7 -1.3171573923e7 1.0717227733e7 -8.1596687791e6 5.5235277562e6 -2.8341921401e6 1.1756170618e5 2.6002009138e6 -5.2929221737e6 7.9346697055e6 -1.0500002022e7 1.2964213592e7 -1.5303572679e7 1.7495550023e7 -1.9519035617e7 2.1354542282e7 -2.2984392957e7 2.4392891465e7 -2.5566472958e7 2.6493835518e7 -2.7166047730e7 2.7576636343e7 -2.7721646508e7 2.7599682515e7 -2.7211917941e7 2.6562088381e7 -2.5656450613e7 2.4503728103e7 -2.3115020262e7 2.1503703306e7 -1.9685292638e7 1.7677303255e7
5.0960000000e0 7.0730355749e6 -2.0587959760e6 -2.9752693122e6 7.9806828329e6 -1.2909236276e7 1.7713468467e7 -2.2347108539e7 2.6765535433e7 -3.0926193961e7 3.4789017877e7 -3.8316803095e7 4.1475577875e7 -4.4234918970e7 4.6568254681e7 -4.8453111707e7 4.9871339588e7 -5.0809278518e7 5.1257896899e7 -5.1212873233e7 5.0674641993e7 -4.9648385935e7 4.8143989028e7 -4.6175938996e7 4.3763189576e7 -4.0928976606e7 3.7700595300e7 -3.4109136592e7 3.0189188295e7 -2.5978501582e7 2.1517627719e7 -1.6849527323e7 1.2019156778e7 -7.0730351771e6 2.0587963851e6 2.9752697446e6 -7.9806823980e6 1.2909236719e7 -1.7713468032e7 2.2347108966e7 -2.6765535022e7 3.0926194348e7 -3.4789017511e7 3.8316803426e7 -4.1475577567e7 4.4234919239e7 -4.6568254434e7 4.8453111915e7 -4.9871339395e7 5.0809278679e7 -5.1257896746e7 5.1212873365e7 -5.0674641862e7 4.9648386059e7 -4.8143988898e7 4.6175939133e7 -4.3763189426e7 4.0928976778e7 -3.7700595110e7 3.4109136814e7 -3.0189188052e7 2.5978501865e7 -2.1517627414e7 1.6849527668e7 -1.2019156416e7
5.1520000000e0 2.9559630324e7 -3.8259358747e7 4.6590630222e7 -5.4473206795e7 6.1831178322e7 -6.8593680062e7 7.4695588906e7 -8.0078136682e7 8.4689489889e7 -8.8485235424e7 9.1428821266e7 -9.3491896192e7 9.4654594317e7 -9.4905715815e7 9.4242844399e7 -9.2672361991e7 9.0209394836e7 -8.6877661252e7 8.2709248835e7 -7.7744300696e7 7.2030632801e7 -6.5623270249e7 5.8583919957e7 -5.0980374316e7 4.2885859935e7 -3.4378331179e7 2.5539720374e7 -1.6455148047e7 7.2121036883e6 2.1003971992e6 -1.1392670094e7 2.0575225361e7 -2.9559629952e7 3.8259359153e7 -4.6590629806e7 5.4473207228e7 -6.1831177885e7 6.8593680499e7 -7.4695588472e7 8.0078137097e7 -8.4689489484e7 8.8485235795e7 -9.1428820909e7 9.3491896506e7 -9.4654594019e7 9.4905716068e7 -9.4242844162e7 9.2672362188e7 -9.0209394652e7 8.6877661407e7 -8.2709248689e7 7.7744300827e7 -7.2030632673e7 6.5623270378e7 -5.8583919827e7 5.0980374464e7 -4.2885859780e7 3.4378331365e7 -2.5539720177e7 1.6455148286e7 -7.2121034344e6 -2.1003968999e6 1.1392670409e7 -2.0575225003e7
5.2080000000e0 -1.2249147718e8 1.3424333406e8 -1.4470235270e8 1.5376781021e8 -1.6135239796e8 1.6738307564e8 -1.7180176107e8 1.7456590334e8 -1.7564887885e8 1.7504026126e8 -1.7274590873e8 1.6878792011e8 -1.6320441021e8 1.5604915384e8 -1.4739105773e8 1.3731350611e8 -1.2591354954e8 1.1330097736e8 -9.9597254241e7 8.4934355612e7 -6.9453492301e7 5.3303754221e7 -3.6640671588e7 1.9624719462e7 -2.4197704026e6 -1.4808482249e7 3.1894121211e7 -4.8672602284e7 6.4982339638e7 -8.0666261504e7 9.5573323199e7 -1.0955996153e8 1.2249147755e8 -1.3424333367e8 1.4470235311e8 -1.5376780978e8 1.6135239839e8 -1.6738307520e8 1.7180176150e8 -1.7456590291e8 1.7564887925e8 -1.7504026086e8 1.7274590908e8 -1.6878791976e8 1.6320441051e8 -1.5604915355e8 1.4739105797e8 -1.3731350589e8 1.2591354973e8 -1.1330097719e8 9.9597254393e7 -8.4934355474e7 6.9453492436e7 -5.3303754098e7 3.6640671726e7 -1.9624719332e7 2.4197705635e6 1.4808482408e7 -3.1894121009e7 4.8672602490e7 -6.4982339383e7 8.0666261769e7 -9.5573322886e7 1.0955996186e8
5.2640000000e0 3.0600125030e8 -3.1527956900e8 3.2152157459e8 -3.2466715008e8 3.2468600508e8 -3.2157795466e8 3.1537293447e8 -3.0613069880e8 2.9394025885e8 -2.7891901186e8 2.6121162391e8 -2.4098862373e8 2.1844477275e8 -1.9379717793e8 1.6728321149e8 -1.3915821525e8 1.0969305023e8 -7.9171480393e7 4.7887446584e7 -1.6142229928e7 -1.5758444765e7 4.7507357396e7 -7.8798747903e7 1.0933126363e8 -1.3881085934e8 1.6695363073e8 -1.9348854728e8 2.1816006343e8 -2.4073057886e8 2.6098272725e8 -2.7872146928e8 2.9377597122e8 -3.0600124995e8 3.1527956938e8 -3.2152157419e8 3.2466715049e8 -3.2468600464e8 3.2157795508e8 -3.1537293402e8 3.0613069921e8 -2.9394025841e8 2.7891901225e8 -2.6121162352e8 2.4098862407e8 -2.1844477242e8 1.9379717821e8 -1.6728321122e8 1.3915821548e8 -1.0969305002e8 7.9171480579e7 -4.7887446424e7 1.6142230083e7 1.5758444892e7 -4.7507357253e7 7.8798748020e7 -1.0933126348e8 1.3881085947e8 -1.6695363055e8 1.9348854745e8 -2.1816006322e8 2.4073057907e8 -2.6098272698e8 2.7872146956e8 -2.9377597090e8
5.3200000000e0 -5.9785050172e8 5.8845404927e8 -5.7339046123e8 5.5280481112e8 -5.2689534688e8 4.9591159408e8 -4.6015193984e8 4.1996077258e8 -3.7572515181e8 3.2787109411e8 -2.7685945691e8 2.2318151335e8 -1.6735420835e8 1.0991519219e8 -5.1417631414e7 -7.5751081571e6 6.6494896271e7 -1.2477430133e8 1.8185206240e8 -2.3717848807e8 2.9022075576e8 -3.4046803850e8 3.8743642826e8 -4.3067359314e8 4.6976313610e8 -5.0432860310e8 5.3403711008e8 -5.5860254766e8 5.7778833742e8 -5.9140970958e8 5.9933548298e8 -6.0148932802e8 5.9785050205e8 -5.8845404891e8 5.7339046160e8 -5.5280481070e8 5.2689534728e8 -4.9591159363e8 4.6015194025e8 -4.1996077213e8 3.7572515221e8 -3.2787109368e8 2.7685945728e8 -2.2318151296e8 1.6735420868e8 -1.0991519187e8 5.1417631693e7 7.5751084086e6 -6.6494896042e7 1.2477430152e8 -1.8185206221e8 2.3717848821e8 -2.9022075560e8 3.4046803862e8 -3.8743642810e8 4.3067359325e8 -4.6976313594e8 5.0432860323e8 -5.3403710990e8 5.5860254784e8 -5.7778833719e8 5.9140970982e8 -5.9933548271e8 6.0148932833e8
5.3760000000e0 9.3970579654e8 -8.7669522501e8 8.0524160056e8 -7.2603305785e8 6.3983242144e8 -5.4746984743e8 4.4983484119e8 -3.4786767781e8 2.4255036025e8 -1.3489714843e8 2.5944804980e7 8.3257402712e7 -1.9165779460e8 2.9821241856e8 -4.0189509262e8 5.0170729840e8 -5.9668778760e8 6.8592184814e8 -7.6855010552e8 8.4377680594e8 -9.1087747388e8 9.6920589429e8 -1.0182003317e9 1.0573889437e9 -1.0863943218e9 1.1049371290e9 -1.1128387874e9 1.1100232000e9 -1.0965174824e9 1.0724517021e9 -1.0380576255e9 9.9366648660e8 -9.3970579621e8 8.7669522533e8 -8.0524160016e8 7.2603305821e8 -6.3983242100e8 5.4746984782e8 -4.4983484073e8 3.4786767822e8 -2.4255035980e8 1.3489714882e8 -2.5944804563e7 -8.3257402344e7 1.9165779496e8 -2.9821241823e8 4.0189509291e8 -5.0170729812e8 5.9668778782e8 -6.8592184790e8 7.6855010568e8 -8.4377680574e8 9.1087747400e8 -9.6920589412e8 1.0182003318e9 -1.0573889435e9 1.0863943219e9 -1.1049371288e9 1.1128387875e9 -1.1100231998e9 1.0965174826e9 -1.0724517018e9 1.0380576258e9 -9.9366648633e8
5.4320000000e0 -1.0768160285e9 8.9951380107e8 -7.1354876272e8 5.2071186110e8 -3.2286021813e8 1.2189925633e8 8.0235663579e7 -2.8159786851e8 4.8024813373e8 -6.7427334519e8 8.6180493741e8 -1.0410368754e9 1.2102430607e9 -1.3677939422e9 1.5121722218e9 -1.6419874550e9 1.7559894525e9 -1.8530803106e9 1.9323249933e9 -1.9929603292e9 2.0344023683e9 -2.0562519999e9 2.0582988012e9 -2.0405230594e9 2.0030959655e9 -1.9463779621e9 1.8709152752e9 -1.7774346512e9 1.6668363601e9 -1.5401855235e9 1.3987018584e9 -1.2437479298e9 1.0768160288e9 -8.9951380070e8 7.1354876303e8 -5.2071186068e8 3.2286021848e8 -1.2189925588e8 -8.0235663192e7 2.8159786897e8 -4.8024813332e8 6.7427334563e8 -8.6180493702e8 1.0410368758e9 -1.2102430603e9 1.3677939426e9 -1.5121722215e9 1.6419874552e9 -1.7559894522e9 1.8530803108e9 -1.9323249930e9 1.9929603293e9 -2.0344023681e9 2.0562520000e9 -2.0582988010e9 2.0405230595e9 -2.0030959653e9 1.9463779622e9 -1.8709152750e9 1.7774346514e9 -1.6668363599e9 1.5401855237e9 -1.3987018582e9 1.2437479301e9
5.4880000000e0 3.6201355038e8 1.1659070074e7 -3.8521940610e8 7.5506987000e8 -1.1176485968e9 1.4694637583e9 -1.8071271788e9 2.1273869784e9 -2.4271588767e9 2.7035559100e9 -2.9539162202e9 3.1758287041e9 -3.3671562199e9 3.5260561822e9 -3.6509982944e9 3.7407792986e9 -3.7945345520e9 3.8117463644e9 -3.7922489747e9 3.7362301551e9 -3.6442293960e9 3.5171327162e9 -3.3561641253e9 3.1628738396e9 -2.9391233494e9 2.6870674950e9 -2.4091337115e9 2.1079986535e9 -1.7865624160e9 1.4479206060e9 -1.0953345289e9 7.3219978156e8 -3.6201355004e8 -1.1659069829e7 3.8521940650e8 -7.5506986970e8 1.1176485973e9 -1.4694637579e9 1.8071271793e9 -2.1273869780e9 2.4271588772e9 -2.7035559096e9 2.9539162206e9 -3.1758287037e9 3.3671562203e9 -3.5260561818e9 3.6509982947e9 -3.7407792982e9 3.7945345522e9 -3.8117463641e9 3.7922489748e9 -3.7362301548e9 3.6442293961e9 -3.5171327160e9 3.3561641254e9 -3.1628738394e9 2.9391233495e9 -2.6870674948e9 2.4091337116e9 -2.1079986534e9 1.7865624163e9 -1.4479206058e9 1.0953345292e9 -7.3219978136e8
5.5440000000e0 2.4838598933e9 -3.1189938610e9 3.7240902140e9 -4.2933215412e9 4.8212058363e9 -5.3026592822e9 5.7330452220e9 -6.1082188008e9 6.4245668950e9 -6.6790428964e9 6.8691960652e9 -6.9931951191e9 7.0498458828e9 -7.0386027753e9 6.9595740768e9 -6.8135208741e9 6.6018497419e9 -6.3265991867e9 5.9904200239e9 -5.5965498406e9 5.1487818238e9 -4.6514282227e9 4.1092788257e9 -3.5275548267e9 2.9118585468e9 -2.2681194770e9 1.6025371770e9 -9.2152156775e8 2.3163120220e8 4.6048989856e8 -1.1481762298e9 1.8248049963e9 -2.4838598931e9 3.1189938614e9 -3.7240902138e9 4.2933215416e9 -4.8212058360e9 5.3026592826e9 -5.7330452216e9 6.1082188012e9 -6.4245668946e9 6.6790428968e9 -6.8691960647e9 6.9931951195e9 -7.0498458823e9 7.0386027756e9 -6.9595740763e9 6.8135208743e9 -6.6018497415e9 6.3265991869e9 -5.9904200235e9 5.5965498407e9 -5.1487818235e9 4.6514282228e9 -4.1092788255e9 3.5275548268e9 -2.9118585467e9 2.2681194772e9 -1.6025371769e9 9.2152156796e8 -2.3163120210e8 -4.6048989829e8 1.1481762299e9 -1.8248049960e9
5.6000000000e0 -9.4972525985e9 1.0329178180e10 -1.1061628128e10 1.1687548551e10 -1.2200911492e10 1.2596772986e10 -1.2871320670e10 1.3021910500e10 -1.3047092212e10 1.2946623296e10 -1.2721471318e10 1.2373804619e10 -1.1906971415e10 1.1325467570e10 -1.0634893279e10 9.8418991534e9 -8.9541221576e9 7.9801120719e9 -6.9292491434e9 5.8116537587e9 -4.6380889706e9 3.4198568509e9 -2.1686896396e9 8.9663676214e8 3.8405121795e8 -1.6610405745e9 2.9220332026e9 -4.1548850534e9 5.3477230900e9 -6.4890596297e9 7.5679029781e9 -8.5738632836e9 9.4972525988e9 -1.0329178180e10 1.1061628128e10 -1.1687548551e10 1.2200911492e10 -1.2596772986e10 1.2871320670e10 -1.3021910500e10 1.3047092213e10 -1.2946623295e10 1.2721471318e10 -1.2373804618e10 1.1906971416e10 -1.1325467569e10 1.0634893279e10 -9.8418991529e9 8.9541221578e9 -7.9801120715e9 6.9292491436e9 -5.8116537584e9 4.6380889707e9 -3.4198568507e9 2.1686896398e9 -8.9663676202e8 -3.8405121775e8 1.6610405746e9 -2.9220332024e9 4.1548850534e9 -5.3477230897e9 6.4890596298e9 -7.5679029777e9 8.5738632837e9
5.6560000000e0 2.3068080265e10 -2.3658909765e10 2.4021891032e10 -2.4153528355e10 2.4052553997e10 -2.3719940395e10 2.3158890802e10 -2.2374808428e10 2.1375244420e10 -2.0169825121e10 1.8770159383e10 -1.7189726747e10 1.5443747647e10 -1.3549036813e10 1.1523841350e10 -9.3876649932e9 7.1610802923e9 -4.8655304723e9 2.5231229352e9 -1.5641634388e8 -2.2117966214e9 4.5587087769e9 -6.8617180742e9 9.0986452760e9 -1.1247947549e10 1.3288925940e10 -1.5201924708e10 1.6968520632e10 -1.8571700426e10 1.9996024592e10 -2.1227776111e10 2.2255092542e10 -2.3068080265e10 2.3658909766e10 -2.4021891031e10 2.4153528355e10 -2.4052553997e10 2.3719940395e10 -2.3158890801e10 2.2374808429e10 -2.1375244419e10 2.0169825122e10 -1.8770159382e10 1.7189726747e10 -1.5443747646e10 1.3549036813e10 -1.1523841349e10 9.3876649934e9 -7.1610802919e9 4.8655304725e9 -2.5231229348e9 1.5641634409e8 2.2117966216e9 -4.5587087767e9 6.8617180743e9 -9.0986452757e9 1.1247947549e10 -1.3288925939e10 1.5201924708e10 -1.6968520632e10 1.8571700426e10 -1.9996024592e10 2.1227776111e10 -2.2255092541e10
5.7120000000e0 -4.4168149828e10 4.3283575143e10 -4.1982155967e10 4.0276425681e10 -3.8182811397e10 3.5721475768e10 -3.2916122798e10 2.9793769574e10 -2.6384486060e10 2.2721105523e10 -1.8838908318e10 1.4775282130e10 -1.0569361895e10 6.2616529300e9 -1.8936408222e9 -2.4926080803e9 6.8548518059e9 -1.1151079560e10 1.5339916323e10 -1.9381021306e10 2.3235476459e10 -2.6866161272e10 3.0238110265e10 -3.3318849727e10 3.6078710452e10 -3.8491113472e10 4.0532826029e10 -4.2184185313e10 4.3429287832e10 -4.4256142569e10 4.4656786460e10 -4.4627361085e10 4.4168149828e10 -4.3283575143e10 4.1982155968e10 -4.0276425681e10 3.8182811397e10 -3.5721475767e10 3.2916122798e10 -2.9793769573e10 2.6384486060e10 -2.2721105523e10 1.8838908319e10 -1.4775282129e10 1.0569361896e10 -6.2616529294e9 1.8936408224e9 2.4926080808e9 -6.8548518056e9 1.1151079560e10 -1.5339916323e10 1.9381021306e10 -2.3235476459e10 2.6866161272e10 -3.0238110265e10 3.3318849727e10 -3.6078710451e10 3.8491113472e10 -4.0532826028e10 4.2184185313e10 -4.3429287832e10 4.4256142569e10 -4.4656786460e10 4.4627361085e10
5.7680000000e0 6.7844372702e10 -6.2880406058e10 5.7310866730e10 -5.1189392426e10 4.4574936290e10 -3.7531199150e10 3.0126016047e10 -2.2430702939e10 1.4519369902e10 -6.4682073936e9 -1.6452474861e9 9.7428577349e9 -1.7746638936e10 2.5579510304e10 -3.3166037004e10 4.0433156638e10 -4.7310882870e10 5.3732979438e10 -5.9637598039e10 6.4967873971e10 -6.9672473761e10 7.3706089542e10 -7.7029875388e10 7.9611821427e10 -8.1427062104e10 8.2458115661e10 -8.2695052487e10 8.2135590753e10 -8.0785118380e10 7.8656641155e10 -7.5770657478e10 7.2154960949e10 -6.7844372701e10 6.2880406058e10 -5.7310866730e10 5.1189392426e10 -4.4574936290e10 3.7531199150e10 -3.0126016046e10 2.2430702939e10 -1.4519369901e10 6.4682073936e9 1.6452474869e9 -9.7428577348e9 1.7746638937e10 -2.5579510304e10 3.3166037004e10 -4.0433156638e10 4.7310882870e10 -5.3732979437e10 5.9637598039e10 -6.4967873970e10 6.9672473761e10 -7.3706089541e10 7.7029875388e10 -7.9611821426e10 8.1427062104e10 -8.2458115660e10 8.2695052487e10 -8.2135590753e10 8.0785118380e10 -7.8656641155e10 7.5770657478e10 -7.2154960948e10
5.8240000000e0 -7.4302404910e10 6.0828762474e10 -4.6769305802e10 3.2259435150e10 -1.7438888501e10 2.4503958244e9 1.2561695505e10 -2.7452810838e10 4.2079540598e10 -5.6301021376e10 6.9980292544e10 -8.2985615237e10 9.5191741093e10 -1.0648111844e11 1.1674502442e11 -1.2588461198e11 1.3381186192e11 -1.4045043048e11 1.4573638462e11 -1.4961881770e11 1.5206033978e11 -1.5303743766e11 1.5254070136e11 -1.5057491472e11 1.4715900934e11 -1.4232588225e11 1.3612207911e11 -1.2860734594e11 1.1985405372e11 -1.0994650145e11 9.8980104266e10 -8.7060474569e10 7.4302404910e10 -6.0828762473e10 4.6769305802e10 -3.2259435149e10 1.7438888501e10 -2.4503958236e9 -1.2561695505e10 2.7452810839e10 -4.2079540598e10 5.6301021377e10 -6.9980292544e10 8.2985615238e10 -9.5191741092e10 1.0648111844e11 -1.1674502442e11 1.2588461198e11 -1.3381186192e11 1.4045043048e11 -1.4573638462e11 1.4961881770e11 -1.5206033978e11 1.5303743766e11 -1.5254070136e11 1.5057491472e11 -1.4715900934e11 1.4232588225e11 -1.3612207911e11 1.2860734594e11 -1.1985405372e11 1.0994650145e11 -9.8980104266e10 8.7060474569e10
5.8800000000e0 1.4696917872e10 1.3097972951e10 -4.0766723133e10 6.8042867487e10 -9.4663721830e10 1.2037291278e11 -1.4492284679e11 1.6807709455e11 -1.8961266801e11 2.0932216783e11 -2.2701578074e11 2.4252310759e11 -2.5569480433e11 2.6640402033e11 -2.7454761999e11 2.8004717598e11 -2.8284972457e11 2.8292827570e11 -2.8028207287e11 2.7493660046e11 -2.6694333829e11 2.5637926584e11 -2.4334612092e11 2.2796941982e11 -2.1039724859e11 1.9079883684e11 -1.6936292800e11 1.4629596157e11 -1.2182008506e11 9.6171014531e10 -6.9595764564e10 4.2350269340e10 -1.4696917871e10 -1.3097972951e10 4.0766723134e10 -6.8042867488e10 9.4663721831e10 -1.2037291279e11 1.4492284679e11 -1.6807709455e11 1.8961266801e11 -2.0932216783e11 2.2701578074e11 -2.4252310759e11 2.5569480433e11 -2.6640402033e11 2.7454761999e11 -2.8004717598e11 2.8284972457e11 -2.8292827570e11 2.8028207287e11 -2.7493660046e11 2.6694333829e11 -2.5637926584e11 2.4334612092e11 -2.2796941982e11 2.1039724859e11 -1.9079883684e11 1.6936292799e11 -1.4629596157e11 1.2182008506e11 -9.6171014531e10 6.9595764565e10 -4.2350269340e10
5.9360000000e0 2.0557611090e11 -2.5184207780e11 2.9568266782e11 -3.3667567211e11 3.7442630564e11 -4.0857100916e11 4.3878095051e11 -4.6476519145e11 4.8627348953e11 -5.0309870808e11 5.1507881105e11 -5.2209842349e11 5.2408994272e11 -5.2103418929e11 5.1296059180e11 -4.9994690340e11 4.8211845301e11 -4.5964693837e11 4.3274877245e11 -4.0168299928e11 3.6674879925e11 -3.2828260780e11 2.8665487537e11 -2.4226649980e11 1.9554496539e11 -1.4694022607e11 9.6920372053e10 -4.5967121867e10 -5.4288168299e9 5.6772473054e10 -1.0756937933e11 1.5733033367e11 -2.0557611090e11 2.5184207780e11 -2.9568266782e11 3.3667567212e11 -3.7442630564e11 4.0857100916e11 -4.3878095051e11 4.6476519145e11 -4.8627348953e11 5.0309870808e11 -5.1507881105e11 5.2209842349e11 -5.2408994272e11 5.2103418929e11 -5.1296059180e11 4.9994690339e11 -4.8211845301e11 4.5964693837e11 -4.3274877245e11 4.0168299928e11 -3.6674879925e11 3.2828260780e11 -2.8665487537e11 2.4226649980e11 -1.9554496539e11 1.4694022607e11 -9.6920372053e10 4.5967121868e10 5.4288168298e9 -5.6772473053e10 1.0756937933e11 -1.5733033367e11
5.9920000000e0 -7.3376539772e11 7.9239780309e11 -8.4339898445e11 8.8627777254e11 -9.2062122120e11 9.4609858423e11 -9.6246450070e11 9.6956135790e11 -9.6732080920e11 9.5576443232e11 -9.3500352149e11 9.0523801561e11 -8.6675457279e11 8.1992380962e11 -7.6519673195e11 7.0310039145e11 -6.3423280983e11 5.5925721954e11 -4.7889567650e11 3.9392210631e11 -3.0515485090e11 2.1344878745e11 -1.1968709550e11 2.4772751398e10 7.0380167847e10 -1.6485528760e11 2.5774276082e11 -3.4814803035e11 4.3520044403e11 -5.1806163954e11 5.9593361825e11 -6.6806643045e11 7.3376539772e11 -7.9239780309e11 8.4339898445e11 -8.8627777255e11 9.2062122120e11 -9.4609858423e11 9.6246450070e11 -9.6956135790e11 9.6732080920e11 -9.5576443232e11 9.3500352149e11 -9.0523801561e11 8.6675457279e11 -8.1992380962e11 7.6519673195e11 -7.0310039145e11 6.3423280983e11 -5.5925721954e11 4.7889567650e11 -3.9392210631e11 3.0515485090e11 -2.1344878745e11 1.1968709550e11 -2.4772751398e10 -7.0380167847e10 1.6485528760e11 -2.5774276082e11 3.4814803035e11 -4.3520044403e11 5.1806163953e11 -5.9593361825e11 6.6806643045e11
