# n=64 nu=0.05 c=1 sigma=0.35 x0=1.5707963268 dt=0.0450000000 steps=133 t_end=5.9850000000
0.0000000000e0 4.2287251553e-5 1.4316872506e-4 4.4803982323e-4 1.2960293548e-3 3.4653158166e-3 8.5644714252e-3 1.9565370215e-2 4.1314769746e-2 8.0640342712e-2 1.4548866349e-1 2.4262508760e-1 3.7400035764e-1 5.3289063889e-1 7.0183322872e-1 8.5439662233e-1 9.6142382620e-1 1.0000000000e0 9.6142382620e-1 8.5439662233e-1 7.0183322872e-1 5.3289063889e-1 3.7400035764e-1 2.4262508760e-1 1.4548866349e-1 8.0640342712e-2 4.1314769746e-2 1.9565370215e-2 8.5644714252e-3 3.4653158166e-3 1.2960293548e-3 4.4803982323e-4 1.4316872506e-4 4.2287251553e-5 1.1545175055e-5 2.9135424281e-6 6.7962904796e-7 1.4653868165e-7 2.9205348218e-8 5.3802475555e-9 9.1616118979e-10 1.4420199980e-10 2.0979756224e-11 2.8213655119e-12 3.5070990391e-13 4.0296420413e-14 4.2797132249e-15 4.2013864464e-16 3.8124166080e-17 3.1977008833e-18 3.8124166080e-17 4.2013864464e-16 4.2797132249e-15 4.0296420413e-14 3.5070990391e-13 2.8213655119e-12 2.0979756224e-11 1.4420199980e-10 9.1616118979e-10 5.3802475555e-9 2.9205348218e-8 1.4653868165e-7 6.7962904796e-7 2.9135424281e-6 1.1545175055e-5
4.5000000000e-2 3.3742077194e-5 1.1327977126e-4 3.5251142895e-4 1.0167968372e-3 2.7185369309e-3 6.7371520954e-3 1.5475960320e-2 3.2951800198e-2 6.5034101904e-2 1.1897173619e-1 2.0173779064e-1 3.1708202769e-1 4.6195206561e-1 6.2382538753e-1 7.8085405161e-1 9.0597701405e-1 9.7432707306e-1 9.7125324503e-1 8.9742933886e-1 7.6861385327e-1 6.1017805074e-1 4.4899944090e-1 3.0625018683e-1 1.9361932924e-1 1.1346529056e-1 6.1633801235e-2 3.1032389021e-2 1.4482688509e-2 6.2649332749e-3 2.5119453853e-3 9.3351375484e-4 3.2153992663e-4 1.0264450515e-4 3.0366988362e-5 8.3254344499e-6 2.1150484656e-6 4.9785869527e-7 1.0857340585e-7 2.1934461432e-8 4.1045624057e-9 7.1136001577e-10 1.1416627473e-10 1.6964926418e-11 2.3338319039e-12 2.9718426474e-13 3.5016792773e-14 3.8482297889e-15 3.6786040439e-16 3.6504391622e-17 2.2797884169e-17 5.2338938593e-16 4.9083770126e-15 4.4239099929e-14 3.6900859981e-13 2.8550252535e-12 2.0472867942e-11 1.3607969031e-10 8.3839376979e-10 4.7878805508e-9 2.5344238266e-8 1.2435292938e-7 5.6555352794e-7 2.3841431043e-6 9.3160484363e-6
9.0000000000e-2 2.6908728849e-5 8.9632568664e-5 2.7746389335e-4 7.9820572802e-4 2.1339822388e-3 5.3019344530e-3 1.2241809873e-2 2.6267870523e-2 5.2380829702e-2 9.7070770065e-2 1.6717581801e-1 2.6756389601e-1 3.9797033172e-1 5.5010162187e-1 7.0664935649e-1 8.4359402756e-1 9.3590366674e-1 9.6493178498e-1 9.2454853504e-1 8.2324766021e-1 6.8123868954e-1 5.2388589896e-1 3.7440661508e-1 2.4866837082e-1 1.5348587289e-1 8.8041422249e-2 4.6932671704e-2 2.3250382648e-2 1.0703997629e-2 4.5794579822e-3 1.8206278064e-3 6.7258775819e-4 2.3087295310e-4 7.3631254931e-5 2.1816119859e-5 6.0044316271e-6 1.5349339366e-6 3.6438990970e-7 8.0320890619e-8 1.6435928508e-8 3.1215723355e-9 5.5013374851e-10 8.9944517954e-11 1.3638965400e-11 1.9176871633e-12 2.4992571676e-13 3.0214638845e-14 3.3621319018e-15 3.6499162903e-16 5.2721864130e-17 6.1456645183e-16 5.5128934495e-15 4.7430713569e-14 3.8081582167e-13 2.8408665793e-12 1.9693953509e-11 1.2687817576e-10 7.5964244891e-10 4.2266868298e-9 2.1855447356e-8 1.0502395457e-7 4.6901438675e-7 1.9464938684e-6 7.5073870450e-6
1.3500000000e-1 2.1448956725e-5 7.0924515145e-5 2.1847795225e-4 6.2695964357e-4 1.6760698600e-3 4.1741226073e-3 9.6840941938e-3 2.0930221813e-2 4.2141508364e-2 7.9043864873e-2 1.3811742994e-1 2.2482847673e-1 3.4093907187e-1 4.8164248805e-1 6.3386258825e-1 7.7711871604e-1 8.8756685260e-1 9.4435611874e-1 9.3603316378e-1 8.6430559187e-1 7.4347148220e-1 5.9577574517e-1 4.4475797745e-1 3.0930587634e-1 2.0039046650e-1 1.2094581718e-1 6.8003136575e-2 3.5619592065e-2 1.7380642961e-2 7.9004357360e-3 3.3452711154e-3 1.3194339293e-3 4.8472350586e-4 1.6585043635e-4 5.2846003089e-5 1.5679329435e-5 4.3311039196e-6 1.1136533192e-6 2.6649827214e-7 5.9337939147e-8 1.2290033331e-8 2.3671927320e-9 4.2387778191e-10 7.0539286521e-11 1.0905650037e-11 1.5658547492e-12 2.0867854916e-13 2.5839984814e-14 2.9379334886e-15 4.0535645233e-16 6.5869781706e-16 6.0283144887e-15 4.9944536053e-14 3.8610409150e-13 2.7843467905e-12 1.8702033630e-11 1.1702536803e-10 6.8216989262e-10 3.7044800326e-9 1.8740630828e-8 8.8320947011e-8 3.8776254215e-7 1.5859537151e-6 6.0427887043e-6
1.8000000000e-1 1.7089866286e-5 5.6124203535e-5 1.7209504791e-4 4.9271168322e-4 1.3171142824e-3 3.2874576388e-3 7.6613122576e-3 1.6670660217e-2 3.3869558071e-2 6.4250106436e-2 1.1380103855e-1 1.8820320006e-1 2.9061389000e-1 4.1900026201e-1 5.6405382866e-1 7.0898121609e-1 8.3206318887e-1 9.1176887290e-1 9.3286685726e-1 8.9117053272e-1 7.9489241554e-1 6.6200731168e-1 5.1478396313e-1 3.7376289518e-1 2.5338302869e-1 1.6038727533e-1 9.4792371749e-2 5.2310212185e-2 2.6952889781e-2 1.2966499285e-2 5.8240756579e-3 2.4423098075e-3 9.5613587999e-4 3.4942257230e-4 1.1919350155e-4 3.7946481397e-5 1.1273088420e-5 3.1245617449e-6 8.0782789361e-7 1.9477208890e-7 4.3781730768e-8 9.1724040671e-9 1.7903957003e-9 3.2548288317e-10 5.5086668881e-11 8.6758848139e-12 1.2710021116e-12 1.7305222721e-13 2.1950225230e-14 2.6556397454e-15 1.0146110326e-15 6.4679628064e-15 5.1499125843e-14 3.8546959904e-13 2.6918407876e-12 1.7554736372e-11 1.0688867404e-10 6.0768529205e-10 3.2257709502e-9 1.5988094330e-8 7.3989215147e-8 3.1970448652e-7 1.2898447997e-6 4.8588585301e-6
2.2500000000e-1 1.3611769609e-5 4.4415264920e-5 1.3560666380e-4 3.8740082019e-4 1.0355487867e-3 2.5900676757e-3 6.0615316347e-3 1.3273477805e-2 2.7196853441e-2 5.2141644022e-2 9.3536997286e-2 1.5700561538e-1 2.4659271776e-1 3.6239203124e-1 4.9832212209e-1 6.4117183358e-1 7.7191753803e-1 8.6955889185e-1 9.1655429186e-1 9.0395782533e-1 8.3419753647e-1 7.2031219860e-1 5.8197529963e-1 4.3996829983e-1 3.1122364473e-1 2.0599625991e-1 1.2757989675e-1 7.3933408106e-2 4.0089644299e-2 2.0340010799e-2 9.6557973757e-3 4.2887265483e-3 1.7821757863e-3 6.9282811797e-4 2.5195023548e-4 8.5697701082e-5 2.7260108026e-5 8.1080353708e-6 2.2544715328e-6 5.8588337000e-7 1.4226408049e-7 3.2267186079e-8 6.8337050652e-9 1.3508643354e-9 2.4913969253e-10 4.2849715246e-11 6.8694071845e-12 1.0258300755e-12 1.4271695518e-13 1.8512538872e-14 3.0977363715e-15 6.9515343226e-15 5.2430047849e-14 3.7913549913e-13 2.5706227520e-12 1.6304984404e-11 9.6770944887e-11 5.3740333222e-10 2.7924717537e-9 1.3577203520e-8 6.1768235572e-8 2.6293800865e-7 1.0473084694e-6 3.9032694037e-6
2.7000000000e-1 1.0838135366e-5 3.5151714700e-5 1.0689031923e-4 3.0474020657e-4 8.1455507389e-4 2.0413170186e-3 4.7962296552e-3 1.0565483562e-2 2.1821228497e-2 4.2254211404e-2 7.6711830973e-2 1.3057399836e-1 2.0837871817e-1 3.1178298658e-1 4.3737475379e-1 5.7525035638e-1 7.0935142084e-1 8.2009986860e-1 8.8893951726e-1 9.0339446098e-1 8.6076026985e-1 7.6892997080e-1 6.4400876252e-1 5.0570610804e-1 3.7231227927e-1 2.5699259173e-1 1.6631788062e-1 1.0091657847e-1 5.7410312907e-2 3.0620853980e-2 1.5312193579e-2 7.1785778102e-3 3.1550236291e-3 1.2998855963e-3 5.0201009000e-4 1.8171090507e-4 6.1639019302e-5 1.9591547344e-5 5.8336184624e-6 1.6269202323e-6 4.2485413664e-7 1.0385515984e-7 2.3756502452e-8 5.0831927438e-9 1.0169639434e-9 1.9014574895e-10 3.3209253322e-11 5.4148275743e-12 8.2378382475e-13 1.1699043138e-13 1.6290932907e-14 8.9041650880e-15 5.2571393118e-14 3.6831706964e-13 2.4272607630e-12 1.5000152328e-11 8.6910433313e-11 4.7211737474e-10 2.4045284970e-9 1.1481856960e-8 5.1403977673e-8 2.1576630940e-7 8.4912683061e-7 3.1330192386e-6
3.1500000000e-1 8.6273306586e-6 2.7822494596e-5 8.4281770113e-5 2.3982187382e-4 6.4100480393e-4 1.6093522831e-3 3.7954083194e-3 8.4078281673e-3 1.7495550451e-2 3.4197192195e-2 6.2787461906e-2 1.0828680674e-1 1.7542789580e-1 2.6695766268e-1 3.8159851009e-1 5.1237883260e-1 6.4624236335e-1 7.6562974220e-1 8.5204136022e-1 8.9067764865e-1 8.7457717650e-1 8.0666549172e-1 6.9888709123e-1 5.6877385250e-1 4.3480296705e-1 3.1222453460e-1 2.1060295405e-1 1.3343982915e-1 7.9419949023e-2 4.4401173302e-2 2.3317113835e-2 1.1501687374e-2 5.3289372237e-3 2.3189502977e-3 9.4773267963e-4 3.6373616878e-4 1.3108269781e-4 4.4350906231e-5 1.4085894290e-5 4.1985849413e-6 1.1742318796e-6 3.0804625739e-7 7.5779178976e-8 1.7474217618e-8 3.7755670081e-9 7.6402283813e-10 1.4472835061e-10 2.5650019430e-11 4.2506551115e-12 6.5834572531e-13 9.6114164265e-14 1.9948247403e-14 5.3322563077e-14 3.5356720165e-13 2.2686776164e-12 1.3679930063e-11 7.7486351798e-11 4.1227330254e-10 2.0604676663e-9 9.6731272723e-9 4.2656835324e-8 1.7669768617e-7 6.8753253187e-7 2.5129005840e-6
3.6000000000e-1 6.8658716699e-6 2.2023347264e-5 6.6475334453e-5 1.8881082952e-4 5.0464064007e-4 1.2691895657e-3 3.0037232414e-3 6.6893339121e-3 1.4018317719e-2 2.7643917353e-2 5.1297303726e-2 8.9573859167e-2 1.4718386907e-1 2.2757865211e-1 3.3112744064e-1 4.5336805276e-1 5.8411491144e-1 7.0816869535e-1 8.0791482396e-1 8.6732982306e-1 8.7617819990e-1 8.3289444387e-1 7.4503575292e-1 6.2712565945e-1 4.9673343629e-1 3.7024133833e-1 2.5968117357e-1 1.7139222016e-1 1.0644788750e-1 6.2212414827e-2 3.4214300023e-2 1.7706070187e-2 8.6220333983e-3 3.9505161442e-3 1.7030660041e-3 6.9073486940e-4 2.6354378031e-4 9.4581000624e-5 3.1922773724e-5 1.0131294528e-5 3.0227604652e-6 8.4763219414e-7 2.2333096852e-7 5.5269119138e-8 1.2842307666e-8 2.8005623064e-9 5.7290568420e-10 1.0988283265e-10 1.9748671315e-11 3.3239526272e-12 5.2446360352e-13 8.4279912398e-14 6.1008602382e-14 3.3684557756e-13 2.1007719271e-12 1.2377092226e-11 6.8624535517e-11 3.5804237446e-10 1.7578473900e-9 8.1212030136e-9 3.5306277184e-8 1.4443607775e-7 5.5602108434e-7 2.0141792877e-6
4.0500000000e-1 5.4629314789e-6 1.7434525960e-5 5.2446087878e-5 1.4870796467e-4 3.9744160630e-4 1.0012220214e-3 2.3774184025e-3 5.3210751296e-3 1.1225668812e-2 2.2322597180e-2 4.1840560361e-2 7.3921553317e-2 1.2310222970e-1 1.9323341870e-1 2.8590389009e-1 3.9873026639e-1 5.2415442118e-1 6.4947085246e-1 7.5854231541e-1 8.3506271831e-1 8.6651690891e-1 8.4752677195e-1 7.8135491942e-1 6.7898832978e-1 5.5615543555e-1 4.2938926388e-1 3.1248462252e-1 2.1435312728e-1 1.3859750370e-1 8.4470496653e-2 4.8526240724e-2 2.6276381563e-2 1.3411075960e-2 6.4514612028e-3 2.9250307885e-3 1.2498419713e-3 5.0326659537e-4 1.9094824535e-4 6.8257884219e-5 2.2984864140e-5 7.2895612241e-6 2.1768783000e-6 6.1196496791e-7 1.6190009718e-7 4.0294460760e-8 9.4308523493e-9 2.0747837952e-9 4.2884337813e-10 8.3232727660e-11 1.5160282876e-11 2.5906341715e-12 4.2166794658e-13 1.1076536359e-13 3.2401792196e-13 1.9295867777e-12 1.1117050988e-11 6.0406174525e-11 3.0938548594e-10 1.4936200500e-9 6.7967586702e-9 2.9153121375e-8 1.1786626694e-7 4.4917423914e-7 1.6134683546e-6
4.5000000000e-1 4.3458868211e-6 1.3803140228e-5 4.1389082098e-5 1.1716603088e-4 3.1313056872e-4 7.9005447407e-4 1.8819003454e-3 4.2319896197e-3 8.9846561696e-3 1.8008096912e-2 3.4075660047e-2 6.0873937873e-2 1.0266670562e-1 1.6347044581e-1 2.4573121936e-1 3.4873276545e-1 4.6723585104e-1 5.9100348938e-1 7.0575474847e-1 7.9565873720e-1 8.4685411671e-1 8.5093968816e-1 8.0723005787e-1 7.2294382610e-1 6.1125322322e-1 4.8791952368e-1 3.6769433070e-1 2.6160056463e-1 1.7571321887e-1 1.1142547149e-1 6.6707979237e-2 3.7703469285e-2 2.0118203474e-2 1.0134253661e-2 4.8191951489e-3 2.1633005970e-3 9.1662353941e-4 3.6657301090e-4 1.3834992251e-4 4.9270681874e-5 1.6554610994e-5 5.2466920630e-6 1.5681527001e-6 4.4188632775e-7 1.1735930470e-7 2.9366721295e-8 6.9207071029e-9 1.5353506789e-9 3.2048679572e-10 6.2909964585e-11 1.1606693737e-11 2.0177791065e-12 3.7333949270e-13 3.4352494816e-13 1.7636638773e-12 9.9193990101e-12 5.2874814823e-11 2.6611087955e-10 1.2644125903e-9 5.6718733179e-9 2.4020145444e-8 9.6036399943e-8 3.6249898495e-7 1.2917778847e-6
4.9500000000e-1 3.4567179374e-6 1.0929180432e-5 3.2671826032e-5 9.2346621659e-5 2.4679150867e-4 6.2359267596e-4 1.4898192390e-3 3.3653349108e-3 7.1876287927e-3 1.4514637951e-2 2.7713450461e-2 5.0031023653e-2 8.5399049893e-2 1.3782622677e-1 2.1031778407e-1 3.0344874677e-1 4.1396119814e-1 5.3394731089e-1 6.5118004431e-1 7.5087399492e-1 8.1864532889e-1 8.4389195902e-1 8.2250790576e-1 7.5797632136e-1 6.6044101662e-1 5.4409676802e-1 4.2382163126e-1 3.1214489672e-1 2.1736853305e-1 1.4312157968e-1 8.9100744345e-2 5.2447347197e-2 2.9189568307e-2 1.5359838617e-2 7.6416882697e-3 3.5943422669e-3 1.5982861135e-3 6.7183820467e-4 2.6693855841e-4 1.0024107088e-4 3.5571960710e-5 1.1926824879e-5 3.7775476240e-6 1.1299542407e-6 3.1912337614e-7 8.5068027875e-8 2.1395780720e-8 5.0753709741e-9 1.1349794940e-9 2.3914954002e-10 4.7454635019e-11 8.8684857751e-12 1.6002722148e-12 5.2811895491e-13 1.6282093130e-12 8.8007030409e-12 4.6045033915e-11 2.2792077513e-10 1.0667382135e-9 4.7206004191e-9 1.9751579752e-8 7.8139623132e-8 2.9228411017e-7 1.0337200781e-6
5.4000000000e-1 2.7491052653e-6 8.6544587809e-6 2.5797109112e-5 7.2808887521e-5 1.9457175208e-4 4.9233104201e-4 1.1795513853e-3 2.6758334241e-3 5.7475707858e-3 1.1689426283e-2 2.2510558851e-2 4.1045366719e-2 7.0864262021e-2 1.1584465668e-1 1.7931248201e-1 2.6280328216e-1 3.6470067631e-1 4.7921176625e-1 5.9621509625e-1 7.0236435464e-1 7.8343935430e-1 8.2743000744e-1 8.2744635760e-1 7.8348582233e-1 7.0243394820e-1 5.9629832890e-1 4.7929891058e-1 3.6478354962e-1 2.6287617123e-1 1.7937227731e-1 1.1589050416e-1 7.0897018275e-2 4.1067010000e-2 2.2523616673e-2 1.1696467868e-2 5.7508268440e-3 2.6769911400e-3 1.1797239988e-3 4.9215163844e-4 1.9433987350e-4 7.2630447208e-5 2.5686643126e-5 8.5951440979e-6 2.7206177104e-6 8.1441643847e-7 2.3049937523e-7 6.1659353267e-8 1.5583929457e-8 3.7198589761e-9 8.3820272374e-10 1.7820756683e-10 3.5734314503e-11 6.7914043223e-12 1.4497148795e-12 1.6279341921e-12 7.7861635468e-12 3.9910702539e-11 1.9445076837e-10 8.9714849369e-10 3.9192789024e-9 1.6211890909e-8 6.3496013942e-8 2.3547459526e-7 8.2684840768e-7
5.8500000000e-1 2.1860929470e-6 6.8538607351e-6 2.0373896227e-5 5.7422847466e-5 1.5345003739e-4 3.8879521248e-4 9.3399946451e-4 2.1273771455e-3 4.5942535505e-3 9.4071612993e-3 1.8263161959e-2 3.3617674413e-2 5.8672443002e-2 9.7090302279e-2 1.5233262156e-1 2.2661329187e-1 3.1963407555e-1 4.2746016500e-1 5.4201664868e-1 6.5163355672e-1 7.4279251385e-1 8.0279444448e-1 8.2264719249e-1 7.9927310160e-1 7.3629064810e-1 6.4309687772e-1 5.3257084107e-1 4.1817042964e-1 3.1131883598e-1 2.1975294603e-1 1.4707603377e-1 9.3331200072e-2 5.6154948406e-2 3.2034799514e-2 1.7326971663e-2 8.8854696295e-3 4.3199742666e-3 1.9911572759e-3 8.7001693768e-4 3.6034133376e-4 1.4145632969e-4 5.2625992234e-5 1.8551721932e-5 6.1958093439e-6 1.9599808220e-6 5.8713848808e-7 1.6651098787e-7 4.4690989586e-8 1.1347863890e-8 2.7248824595e-9 6.1847606599e-10 1.3262847220e-10 2.6890733190e-11 5.3567435384e-12 2.1981404937e-12 6.9583303282e-12 3.4459684569e-11 1.6530119561e-10 7.5233927990e-10 3.2466547086e-9 1.3284156683e-8 5.1535525268e-8 1.8956308471e-7 6.6111133271e-7
6.3000000000e-1 1.7382117916e-6 5.4284255709e-6 1.6094527235e-5 4.5301791219e-5 1.2105567810e-4 3.0710549832e-4 7.3964414135e-4 1.6911852197e-3 3.6710736555e-3 7.5653517955e-3 1.4801299217e-2 2.7491965564e-2 4.8478311475e-2 8.1156872973e-2 1.2898508355e-1 1.9462117977e-1 2.7878989012e-1 3.7914030738e-1 4.8950651727e-1 6.0000110862e-1 6.9820044192e-1 7.7133343619e-1 8.0897997047e-1 8.0550223803e-1 7.6142856406e-1 6.8332195073e-1 5.8217834299e-1 4.7089288535e-1 3.6159693266e-1 2.6361189073e-1 1.8244996692e-1 1.1988405713e-1 7.4785473174e-2 4.4290342193e-2 2.4901899332e-2 1.3291695470e-2 6.7350672533e-3 3.2396774156e-3 1.4792412309e-3 6.4110066689e-4 2.6371109446e-4 1.0294415927e-4 3.8132247898e-5 1.3400950336e-5 4.4673916248e-6 1.4123971879e-6 4.2338783985e-7 1.2030312439e-7 3.2391676092e-8 8.2613390319e-9 1.9950372893e-9 4.5597607589e-10 9.8614869820e-11 2.0353807546e-11 5.0218871469e-12 6.6460784632e-12 2.9714929563e-11 1.4006714285e-10 6.2921944724e-10 2.6838712896e-9 1.0868243388e-8 4.1782349022e-8 1.5249711146e-7 5.2840277430e-7
6.7500000000e-1 1.3819735909e-6 4.2998744816e-6 1.2716844603e-5 3.5749517869e-5 9.5527428514e-5 2.4263478048e-4 5.8579444721e-4 1.3443271863e-3 2.9324639200e-3 6.0803538687e-3 1.1983786823e-2 2.2450648465e-2 3.9979172401e-2 6.7672030136e-2 1.0888181991e-1 1.6652229980e-1 2.4208073075e-1 3.3451731119e-1 4.3938693926e-1 5.4858682112e-1 6.5104759143e-1 7.3442713797e-1 7.8750418506e-1 8.0264761805e-1 7.7761533385e-1 7.1609851889e-1 6.2682933892e-1 5.2154913523e-1 4.1248819556e-1 3.1009823694e-1 2.2159478862e-1 1.5051954197e-1 9.7185000661e-2 5.9645455185e-2 3.4795598064e-2 1.9294559205e-2 1.0169528083e-2 5.0946002461e-3 2.4257505744e-3 1.0977075697e-3 4.7206614792e-4 1.9291159068e-4 7.4904503409e-5 2.7631007997e-5 9.6818597758e-6 3.2219294180e-6 1.0180685025e-6 3.0537660142e-7 8.6930180630e-8 2.3477012210e-8 6.0130629932e-9 1.4600060201e-9 3.3593854803e-10 7.3377232363e-11 1.6094805771e-11 8.1038998528e-12 2.5879575029e-11 1.1838261284e-10 5.2495585489e-10 2.2143718836e-9 8.8789342688e-9 3.3840882578e-8 1.2260047557e-7 4.2219364925e-7
7.2000000000e-1 1.0986648588e-6 3.4062838074e-6 1.0050175947e-5 2.8219118236e-5 7.5403237837e-5 1.9174026747e-4 4.6399531110e-4 1.0685407212e-3 2.3417805686e-3 4.8840426956e-3 9.6937403329e-3 1.8309754970e-2 3.2911933851e-2 5.6299482172e-2 9.1650706347e-2 1.4198673975e-1 2.0933424808e-1 2.9370620850e-1 3.9216241979e-1 4.9830859707e-1 6.0257322781e-1 6.9342550127e-1 7.5939520028e-1 7.9143201105e-1 7.8494089594e-1 7.4086312395e-1 6.6545248063e-1 5.6881993804e-1 4.6271347303e-1 3.5820370869e-1 2.6389407250e-1 1.8501699834e-1 1.2344581748e-1 7.8383262737e-2 4.7364248471e-2 2.7236709329e-2 1.4904903443e-2 7.7618453884e-3 3.8463513195e-3 1.8136905018e-3 8.1373721862e-4 3.4736166396e-4 1.4106480000e-4 5.4493943688e-5 2.0022333262e-5 6.9960235112e-6 2.3242310731e-6 7.3401863969e-7 2.2030718751e-7 6.2823581333e-8 1.7015756356e-8 4.3758167230e-9 1.0680266831e-9 2.4744539183e-10 5.5165320927e-11 1.5758236184e-11 2.3841715304e-11 1.0003794373e-10 4.3701198271e-10 1.8237504109e-9 7.2441043782e-9 2.7383340766e-8 9.8507094424e-8 3.3723084684e-7
7.6500000000e-1 8.7338150656e-7 2.6986639382e-6 7.9443340563e-6 2.2280748795e-5 5.9534061061e-5 1.5155304743e-4 3.6755930460e-4 8.4928613015e-4 1.8695836430e-3 3.9210330681e-3 7.8346819954e-3 1.4914477288e-2 2.7049608959e-2 4.6739133156e-2 7.6942683768e-2 1.2067607881e-1 1.8031931400e-1 2.5670265391e-1 3.4816510453e-1 4.4989015611e-1 5.5385187010e-1 6.4960018666e-1 7.2587787608e-1 7.7276154973e-1 7.8377563038e-1 7.5735989699e-1 6.9723213008e-1 6.1152965192e-1 5.1100298133e-1 4.0681416101e-1 3.0855771202e-1 2.2296945450e-1 1.5350535917e-1 1.0068641466e-1 6.2919655399e-2 3.7459970878e-2 2.1247592237e-2 1.1481699527e-2 5.9108037050e-3 2.8987887182e-3 1.3542449773e-3 6.0264823508e-4 2.5543788887e-4 1.0311522527e-4 3.9639585331e-5 1.4509334283e-5 5.0560412269e-6 1.6770246794e-6 5.2934918566e-7 1.5896932227e-7 4.5407958982e-8 1.2332794212e-8 3.1838364231e-9 7.8108393394e-10 1.8268591668e-10 4.4074049212e-11 2.6821518193e-11 8.5357936308e-11 3.6322946095e-10 1.4995830421e-9 5.9030059292e-9 2.2138960140e-8 7.9105682157e-8 2.6929200220e-7
8.1000000000e-1 6.9425705601e-7 2.1382543781e-6 6.2809803746e-6 1.7596416344e-5 4.7016425160e-5 1.1981289463e-4 2.9119655543e-4 6.7499085730e-4 1.4922407981e-3 3.1463697008e-3 6.3271907036e-3 1.2135088505e-2 2.2197614858e-2 3.8725892697e-2 6.4436011026e-2 1.0225584322e-1 1.5476756508e-1 2.2341071386e-1 3.0758137518e-1 4.0387568296e-1 5.0578572082e-1 6.0411013797e-1 6.8817027362e-1 7.4766235240e-1 7.7471980468e-1 7.6561996237e-1 7.2162473238e-1 6.4869344911e-1 5.5615797457e-1 4.5476621636e-1 3.5465862594e-1 2.6379472065e-1 1.8713527292e-1 1.2661335021e-1 8.1702848604e-2 5.0283695464e-2 2.9515240895e-2 1.6523019173e-2 8.8216232844e-3 4.4917171656e-3 2.1810509492e-3 1.0099238796e-3 4.4591816034e-4 1.8772975875e-4 7.5349931319e-5 2.8830776224e-5 1.0514682169e-5 3.6545553362e-6 1.2102980932e-6 3.8183694268e-7 1.1473242145e-7 3.2824432483e-8 8.9387450752e-9 2.3162877022e-9 5.7149627767e-10 1.3705493699e-10 4.5365500741e-11 7.6410376948e-11 3.0209332167e-10 1.2312899606e-9 4.8047035872e-9 1.7884692046e-8 6.3493721402e-8 2.1498621631e-7
8.5500000000e-1 5.5184609140e-7 1.6943850379e-6 4.9668408258e-6 1.3900234088e-5 3.7139631224e-5 9.4738533609e-5 2.3072223929e-4 5.3644628418e-4 1.1907960059e-3 2.5236160676e-3 5.1060431000e-3 9.8632820426e-3 1.8190083525e-2 3.2027616805e-2 5.3838329569e-2 8.6404382091e-2 1.3239064042e-1 1.9366719459e-1 2.7047797703e-1 3.6064881708e-1 4.5910652086e-1 5.5797956707e-1 6.4743853810e-1 7.1722231396e-1 7.5854912604e-1 7.6592833661e-1 7.3835818721e-1 6.7954909401e-1 5.9710382120e-1 5.0090437969e-1 4.0117755312e-1 3.0675817773e-1 2.2394131509e-1 1.5608148470e-1 1.0385983630e-1 6.5981486679e-2 4.0019593050e-2 2.3173709099e-2 1.2811050704e-2 6.7613201331e-3 3.4066195105e-3 1.6384940910e-3 7.5227071599e-4 3.2967403587e-4 1.3789339920e-4 5.5043984278e-5 2.0966945979e-5 7.6201150664e-6 2.6419275087e-6 8.7364325288e-7 2.7549259120e-7 8.2821638692e-8 2.3731074427e-8 6.4789269755e-9 1.6853029554e-9 4.1993580697e-10 1.1145642327e-10 8.0637737897e-11 2.5359780657e-10 1.0101386621e-9 3.9066995948e-9 1.4437253038e-8 5.0939335952e-8 1.7159245944e-7
9.0000000000e-1 4.3863206980e-7 1.3427851820e-6 3.9283742110e-6 1.0982951521e-5 2.9344387989e-5 7.4925701415e-5 1.8282537543e-4 4.2632644133e-4 9.5005456182e-4 2.0232788125e-3 4.1177910082e-3 8.0089344716e-3 1.4886326006e-2 2.6442534532e-2 4.4887120454e-2 7.2818840389e-2 1.1289357601e-1 1.6726232839e-1 2.3682651813e-1 3.2045387867e-1 4.1438437998e-1 5.1208662085e-1 6.0476303290e-1 6.8254041059e-1 7.3616044190e-1 7.5878254645e-1 7.4741684606e-1 7.0357317480e-1 6.3293173306e-1 5.4413448722e-1 4.4705213290e-1 3.5100514499e-1 2.6337407956e-1 1.8885891580e-1 1.2942171820e-1 8.4758192528e-2 5.3046868170e-2 3.1727706243e-2 1.8134851558e-2 9.9055588135e-3 5.1703982910e-3 2.5789088704e-3 1.2291298996e-3 5.5974128553e-4 2.4354379001e-4 1.0123552770e-4 4.0198866748e-5 1.5246506971e-5 5.5226095350e-6 1.9101505904e-6 6.3075567749e-7 1.9880816185e-7 5.9797523876e-8 1.7159031042e-8 4.6964492177e-9 1.2276885446e-9 3.1579846343e-10 1.2106570460e-10 2.2186536167e-10 8.2969695571e-10 3.1738243930e-9 1.1646403381e-8 4.0849830867e-8 1.3692877916e-7
9.4500000000e-1 3.4863464910e-7 1.0642462684e-6 3.1075803221e-6 8.6798253685e-6 2.3190381171e-5 5.9267015532e-5 1.4488606572e-4 3.3880421316e-4 7.5784420834e-4 1.6215129703e-3 3.3187209087e-3 6.4972761548e-3 1.2167536980e-2 2.1796421553e-2 3.7349023046e-2 6.1218836161e-2 9.5984874902e-2 1.4395689158e-1 2.0652561583e-1 2.8341769846e-1 3.7204138525e-1 4.6716078735e-1 5.6111505130e-1 6.4468480748e-1 7.0852073223e-1 7.4484692628e-1 7.4901534200e-1 7.2048288676e-1 6.6292768675e-1 5.8347014661e-1 4.9122647490e-1 3.9560002712e-1 3.0474957485e-1 2.2456542829e-1 1.5829098203e-1 1.0672912670e-1 6.8837092839e-2 4.2469101599e-2 2.5062902906e-2 1.4147909911e-2 7.6392076509e-3 3.9453818891e-3 1.9489493967e-3 9.2079893411e-4 4.1606281599e-4 1.7978540526e-4 7.4287659833e-5 2.9349710854e-5 1.1085777436e-5 4.0026274152e-6 1.3812513294e-6 4.5548080065e-7 1.4349841136e-7 4.3181906340e-8 1.2408826365e-8 3.4058243367e-9 9.0036811237e-10 2.6320011051e-10 2.2251139870e-10 6.8757180489e-10 2.5776050841e-9 9.3893603569e-9 3.2745834272e-8 1.0924661662e-7
9.9000000000e-1 2.7709657963e-7 8.4356455900e-7 2.4587027520e-6 6.8611043887e-6 1.8330833198e-5 4.6888955709e-5 1.1483101511e-4 2.6924544003e-4 6.0441931370e-4 1.2990609356e-3 2.6731440674e-3 5.2664421935e-3 9.9337870457e-3 1.7939707372e-2 3.1018386366e-2 5.1348368582e-2 8.1383780277e-2 1.2349599377e-1 1.7942030940e-1 2.4957085167e-1 3.3236811594e-1 4.2378708242e-1 5.1734293963e-1 6.0466018396e-1 6.7662161710e-1 7.2490603545e-1 7.4356464741e-1 7.3022534129e-1 6.8658827099e-1 6.1806980851e-1 5.3269778568e-1 4.3956910281e-1 3.4727786987e-1 2.6268272220e-1 1.9023523933e-1 1.3190333329e-1 8.7564007716e-2 5.5654390332e-2 3.3866856340e-2 1.9730958222e-2 1.1005594757e-2 5.8770945662e-3 3.0045848254e-3 1.4704970739e-3 6.8894237097e-4 3.0897048667e-4 1.3262864126e-4 5.4488958739e-5 2.1423392341e-5 8.0598405070e-6 2.9011119822e-6 9.9892833886e-7 3.2897103753e-7 1.0359653837e-7 3.1188876111e-8 8.9758615969e-9 2.4750631176e-9 6.8169918195e-10 3.0203043971e-10 5.9059009536e-10 2.0967034643e-9 7.5663624934e-9 2.6240150468e-8 8.7145545821e-8
1.0350000000e0 2.2023416231e-7 6.6870490445e-7 1.9456344080e-6 5.4245605873e-6 1.4492535377e-5 3.7102284394e-5 9.1019304737e-5 2.1396521301e-4 4.8198100228e-4 1.0403851311e-3 2.1519701448e-3 4.2653697291e-3 8.1013221382e-3 1.4744644684e-2 2.5715339747e-2 4.2976400871e-2 6.8825252720e-2 1.0561987572e-1 1.5531861425e-1 2.1886747207e-1 2.9554154490e-1 3.8241517984e-1 4.7416619220e-1 5.6338401628e-1 6.4144074770e-1 6.9981997227e-1 7.3163363239e-1 7.3295691238e-1 7.0362419179e-1 6.4726313920e-1 5.7055724336e-1 4.8194381083e-1 3.9009747653e-1 3.0257300115e-1 2.2488898148e-1 1.6017237136e-1 1.0931719873e-1 7.1494105414e-2 4.4805497078e-2 2.6907224667e-2 1.5483839223e-2 8.5379598795e-3 4.5111403785e-3 2.2838281032e-3 1.1078216166e-3 5.1485624356e-4 2.2923845490e-4 9.7778753640e-5 3.9950401078e-5 1.5634164209e-5 5.8594216380e-6 2.1028229493e-6 7.2252138287e-7 2.3764079517e-7 7.4804269765e-8 2.2531476675e-8 6.4976594886e-9 1.8164547452e-9 5.8581966037e-10 5.6865766058e-10 1.7199618677e-9 6.0976908283e-9 2.1020644972e-8 6.9504611278e-8
1.0800000000e0 1.7503847258e-7 5.3013939393e-7 1.5398751876e-6 4.2896236439e-6 1.1460167059e-5 2.9363024752e-5 7.2152074134e-5 1.7003379009e-4 3.8429109782e-4 8.3296056877e-4 1.7315219390e-3 3.4520050528e-3 6.6001703871e-3 1.2102625032e-2 2.1283599128e-2 3.5896483624e-2 5.8063108493e-2 9.0072099562e-2 1.3400527696e-1 1.9120313199e-1 2.6164314927e-1 3.4337185541e-1 4.3217597740e-1 5.2167108097e-1 6.0391070896e-1 6.7048364892e-1 7.1390904900e-1 7.2901535951e-1 7.1395291865e-1 6.7056633223e-1 6.0402308665e-1 5.2180166713e-1 4.3231285918e-1 3.4350441350e-1 2.6176323989e-1 1.9130561495e-1 1.3408795346e-1 9.0135228884e-2 5.8108702062e-2 3.5927552511e-2 2.1303485121e-2 1.2114493915e-2 6.6066974809e-3 3.4552420660e-3 1.7329051884e-3 8.3340708195e-4 3.8433090247e-4 1.6993941369e-4 7.2043238440e-5 2.9279674575e-5 1.1406964412e-5 4.2594571913e-6 1.5242637444e-6 5.2266106435e-7 1.7169498783e-7 5.4024752170e-8 1.6283388889e-8 4.7188324192e-9 1.3906383419e-9 7.0925905504e-10 1.4558112065e-9 4.9231481627e-9 1.6836805041e-8 5.5427195159e-8
1.1250000000e0 1.3911715252e-7 4.2032427219e-7 1.2189237294e-6 3.3927721330e-6 9.0639752561e-6 2.3241736685e-5 5.7201100528e-5 1.3512208123e-4 3.0636184373e-4 6.6669895181e-4 1.3925538872e-3 2.7917839399e-3 5.3720441911e-3 9.9216916305e-3 1.7588167953e-2 2.9925712790e-2 4.8871720638e-2 7.6605525085e-2 1.1525291149e-1 1.6643052037e-1 2.3067636667e-1 3.0687536629e-1 3.9184058347e-1 4.8022514138e-1 5.6489546680e-1 6.3779140038e-1 6.9115638000e-1 7.1888743667e-1 7.1768244461e-1 6.8768682659e-1 6.3246471104e-1 5.5830243478e-1 4.7303244624e-1 3.8468139100e-1 3.0026239328e-1 2.2495250460e-1 1.6176004616e-1 1.1164577147e-1 7.3961101574e-2 4.7027644335e-2 2.8700499208e-2 1.6811569585e-2 9.4515736414e-3 5.0999902382e-3 2.6411536180e-3 1.3126947659e-3 6.2612744681e-4 2.8659568823e-4 1.2588061140e-4 5.3051712585e-5 2.1451345755e-5 8.3211029346e-6 3.0961919440e-6 1.1049356195e-6 3.7813004826e-7 1.2407000567e-7 3.9027220817e-8 1.1781803853e-8 3.4744263255e-9 1.2384211724e-9 1.3566429144e-9 4.0066060291e-9 1.3490219023e-8 4.4197070606e-8
1.1700000000e0 1.1056873102e-7 3.3328623321e-7 9.6501055003e-7 2.6839105603e-6 7.1700900035e-6 1.8399317720e-5 4.5352315283e-5 1.0737867029e-4 2.4420674551e-4 5.3348067668e-4 1.1194417740e-3 2.2563502052e-3 4.3685176464e-3 8.1242758962e-3 1.4513045823e-2 2.4903253947e-2 4.1046626880e-2 6.4986451702e-2 9.8830771280e-2 1.4437283628e-1 2.0258280443e-1 2.7305065084e-1 3.5351438842e-1 4.3963662742e-1 5.2517394596e-1 6.0260768154e-1 6.6418344036e-1 7.0317447384e-1 7.1508837666e-1 6.9851854261e-1 6.5541735580e-1 5.9071778547e-1 5.1140473157e-1 4.2527769780e-1 3.3970683961e-1 2.6065161294e-1 1.9210624749e-1 1.3600276919e-1 9.2486643937e-2 6.0413567476e-2 3.7906392172e-2 2.2845996154e-2 1.3225836173e-2 7.3543700224e-3 3.9279760350e-3 2.0150336470e-3 9.9282324765e-4 4.6980780724e-4 2.1350379854e-4 9.3175533186e-5 3.9046104037e-5 1.5710713940e-5 6.0689418178e-6 2.2504960612e-6 8.0100181813e-7 2.7359806242e-7 8.9671701123e-8 2.8207690137e-8 8.5643918679e-9 2.7009272653e-9 1.5767647320e-9 3.3517362045e-9 1.0830456635e-8 3.5244133631e-8
1.2150000000e0 8.7883342765e-8 2.6429533092e-7 7.6409981499e-7 2.1235200912e-6 5.6729081978e-6 1.4567936623e-5 3.5961128403e-5 8.5331961723e-5 1.9464065197e-4 4.2677511346e-4 8.9951559678e-4 1.8224800135e-3 3.5494553058e-3 6.6451669220e-3 1.1959022186e-2 2.0688611268e-2 3.4404331638e-2 5.4997275365e-2 8.4511447837e-2 1.2483494950e-1 1.7725683478e-1 2.4194448795e-1 3.1744912909e-1 4.0038508262e-1 4.8543001970e-1 5.6574408687e-1 6.3380806485e-1 6.8255806415e-1 7.0658660465e-1 7.0312918905e-1 6.7258765756e-1 6.1845335960e-1 5.4665043858e-1 4.6446998248e-1 3.7935988255e-1 2.9784586031e-1 2.2479088757e-1 1.6308468472e-1 1.1373524139e-1 7.6247198935e-2 4.9135860803e-2 3.0438063219e-2 1.8124914281e-2 1.0374582431e-2 5.7081367938e-3 3.0188277940e-3 1.5345853086e-3 7.4978699294e-4 3.5209580119e-4 1.5890506831e-4 6.8919472612e-5 2.8723785349e-5 1.1502692267e-5 4.4255957253e-6 1.6357157579e-6 5.8069770611e-7 1.9798744504e-7 6.4828132305e-8 2.0422241127e-8 6.3422545610e-9 2.5021424462e-9 3.0422964557e-9 8.7604338886e-9 2.8119522709e-8
1.2600000000e0 6.9865626518e-8 2.0960673252e-7 6.0510263262e-7 1.6804168395e-6 4.4891015977e-6 1.1536006204e-5 2.8517088533e-5 6.7812335771e-5 1.5511945805e-4 3.4133294598e-4 7.2251162841e-4 1.4711825007e-3 2.8816665274e-3 5.4297111990e-3 9.8416048082e-3 1.7159775195e-2 2.8781536936e-2 4.6437971798e-2 7.2075797098e-2 1.0761246991e-1 1.5455838770e-1 2.1353998638e-1 2.8380643989e-1 3.6284520104e-1 4.4624801095e-1 5.2794251968e-1 6.0083069921e-1 6.5776756690e-1 6.9270366213e-1 7.0174143929e-1 6.8385089926e-1 6.4106278186e-1 5.7808921440e-1 5.0146978873e-1 4.1845698734e-1 3.3590278493e-1 2.5937832608e-1 1.9266885486e-1 1.3767254156e-1 9.4632644322e-2 6.2573688232e-2 3.9801387213e-2 2.4353304102e-2 1.4333989851e-2 8.1155982546e-3 4.4198860302e-3 2.3154172717e-3 1.1667104079e-3 5.6545409950e-4 2.6358062790e-4 1.1816499667e-4 5.0944386065e-5 2.1120482729e-5 8.4192559566e-6 3.2267267235e-6 1.1888277591e-6 4.2100594130e-7 1.4329444518e-7 4.6899713503e-8 1.4881608422e-8 5.0264292970e-9 3.3345720455e-9 7.2606449481e-9 2.2481979134e-8
1.3050000000e0 5.5577957922e-8 1.6625774782e-7 4.7925714457e-7 1.3299875336e-6 3.5529007617e-6 9.1363359772e-6 2.2615924403e-5 5.3890232681e-5 1.2361165838e-4 2.7293721382e-4 5.8012336089e-4 1.1869504689e-3 2.3377596228e-3 4.4322320678e-3 8.0891120650e-3 1.4211346654e-2 2.4033989969e-2 3.9126675607e-2 6.1316385659e-2 9.2498922943e-2 1.3432388998e-1 1.8776997417e-1 2.5267083270e-1 3.2729538298e-1 4.0811272549e-1 4.8986404174e-1 5.6601226444e-1 6.2955069248e-1 6.7404664071e-1 6.9470984565e-1 6.8924117849e-1 6.5825376957e-1 6.0515986562e-1 5.3555228593e-1 4.5623553700e-1 3.7413846639e-1 2.9534674708e-1 2.2443423302e-1 1.6417364083e-1 1.1560463289e-1 7.8361755925e-2 5.1131580039e-2 3.2116529706e-2 1.9418671724e-2 1.1302064723e-2 6.3319528540e-3 3.4146916538e-3 1.7725124834e-3 8.8560182058e-4 4.2587626136e-4 1.9710832228e-4 8.7797067924e-5 3.7634062304e-5 1.5523005967e-5 6.1606474948e-6 2.3522797208e-6 8.6400073277e-7 3.0524873472e-7 1.0374165616e-7 3.4009903927e-8 1.1111752047e-8 4.8560907686e-9 6.4520281361e-9 1.8101344170e-8
1.3500000000e0 4.4305749678e-8 1.3191051328e-7 3.7964058880e-7 1.0528005806e-6 2.8123818667e-6 7.2367890402e-6 1.7937423354e-5 4.2826914592e-5 9.8495482031e-5 2.1820208739e-4 4.6563420954e-4 9.5713808215e-4 1.8951710404e-3 3.6146535925e-3 6.6409429229e-3 1.1752706805e-2 2.0035094329e-2 3.2899583257e-2 5.2039728761e-2 7.9291256865e-2 1.1637539760e-1 1.6452902460e-1 2.2406248116e-1 2.9392787740e-1 3.7141303693e-1 4.5208273956e-1 5.3005729777e-1 5.9864800790e-1 6.5127419560e-1 6.8249528959e-1 6.8893595730e-1 6.6988694639e-1 6.2743368440e-1 5.6608038046e-1 4.9196334525e-1 4.1184353646e-1 3.3210633826e-1 2.5796927919e-1 1.9302125997e-1 1.3911976707e-1 9.6587062014e-2 6.4594402413e-2 4.1611691005e-2 2.5821309811e-2 1.5434066681e-2 8.8862207711e-3 4.9281308567e-3 2.6324952793e-3 1.3544492928e-3 6.7120405255e-4 3.2035160811e-4 1.4725164827e-4 6.5182475942e-5 2.7785047683e-5 1.1404293939e-5 4.5067626809e-6 1.7145752433e-6 6.2791024911e-7 2.2134627748e-7 7.5175160928e-8 2.4880013055e-8 9.0117884664e-9 6.7366311065e-9 1.4892803122e-8
1.3950000000e0 3.5552673567e-8 1.0473504959e-7 3.0078674190e-7 8.3351275172e-7 2.2265422308e-6 5.7329118015e-6 1.4227926245e-5 3.4035314818e-5 7.8476556419e-5 1.7441039407e-4 3.7361762533e-4 7.7144550298e-4 1.5353464947e-3 2.9453109668e-3 5.4460276230e-3 9.7062786295e-3 1.6674397318e-2 2.7610368525e-2 4.4067564330e-2 6.7793916291e-2 1.0052803639e-1 1.4368398782e-1 1.9794934572e-1 2.6285973362e-1 3.3644809972e-1 4.1508383756e-1 4.9360209473e-1 5.6577181832e-1 6.2506982627e-1 6.6563858903e-1 6.8323655011e-1 6.7596832638e-1 6.4462090235e-1 5.9252331375e-1 5.2496442640e-1 4.4830968447e-1 3.6902065862e-1 2.9278448639e-1 2.2390857129e-1 1.6505130537e-1 1.1727160183e-1 8.0314153039e-2 5.3017078816e-2 3.3733579969e-2 2.0688525027e-2 1.2229634405e-2 6.9680180651e-3 3.8265750788e-3 2.0253857175e-3 1.0332153232e-3 5.0797920410e-4 2.4068909590e-4 1.0990115533e-4 4.8357028120e-5 2.0502193400e-5 8.3751307061e-6 3.2960629821e-6 1.2495966108e-6 4.5633194547e-7 1.6056229669e-7 5.4652014395e-8 1.8778385411e-8 9.0898618923e-9 1.3009782008e-8
1.4400000000e0 2.9084499893e-8 8.3333237595e-8 2.3838949738e-7 6.6000943618e-7 1.7629965759e-6 4.5421185126e-6 1.1286473772e-5 2.7048911760e-5 6.2522034403e-5 1.3938255774e-4 2.9969263998e-4 6.2149318176e-4 1.2430529899e-3 2.3979285522e-3 4.4614546385e-3 8.0059092877e-3 1.3856037155e-2 2.3129263307e-2 3.7237376818e-2 5.7821711036e-2 8.6595907445e-2 1.2508299833e-1 1.7425832558e-1 2.3414394007e-1 3.0343535985e-1 3.7926525251e-1 4.5720738044e-1 5.3158955520e-1 5.9611826372e-1 6.4473463876e-1 6.7254607968e-1 6.7663665909e-1 6.5657071901e-1 6.1446930006e-1 5.5464084705e-1 4.8285516144e-1 4.0542985747e-1 3.2832873322e-1 2.5644653357e-1 1.9318790384e-1 1.4036485334e-1 9.8363069283e-2 6.6481451636e-2 4.3337368877e-2 2.7246853464e-2 1.6521867260e-2 9.6624412935e-3 5.4499705985e-3 2.9646531513e-3 1.5553099911e-3 7.8688627422e-4 3.8392365451e-4 1.8063363571e-4 8.1950726801e-5 3.5849511235e-5 1.5120339233e-5 6.1482957462e-6 2.4100465563e-6 9.1061849197e-7 3.3166876251e-7 1.1661332967e-7 4.0196228333e-8 1.5637101661e-8 1.3048946984e-8
1.4850000000e0 2.5059331115e-8 6.6713248620e-8 1.8908086424e-7 5.2273093921e-7 1.3961625143e-6 3.5991016680e-6 8.9538413214e-6 2.1496985329e-5 4.9807915109e-5 1.1137096966e-4 2.4032489023e-4 5.0047101580e-4 1.0058028557e-3 1.9507467113e-3 3.6512645936e-3 6.5953891073e-3 1.1497210578e-2 1.9341925067e-2 3.1402353375e-2 4.9201694702e-2 7.4396636217e-2 1.0856300313e-1 1.5288524787e-1 2.0778027433e-1 2.7251964762e-1 3.4494180256e-1 4.2135491636e-1 4.9671154439e-1 5.6508546946e-1 6.2040817904e-1 6.5734631222e-1 6.7214693433e-1 6.6326566480e-1 6.3163216996e-1 5.8048985104e-1 5.1484798259e-1 4.4067437982e-1 3.6400843633e-1 2.9017528561e-1 2.2323646054e-1 1.6573943544e-1 1.1875247339e-1 8.2113635801e-2 5.4795257212e-2 3.5287782335e-2 2.1930943292e-2 1.3153419014e-2 7.6131437417e-3 4.2523364109e-3 2.2920383230e-3 1.1921674830e-3 5.9835919123e-4 2.8978872889e-4 1.3541862594e-4 6.1056503760e-5 2.6559359139e-5 1.1145686070e-5 4.5119753497e-6 1.7618216218e-6 6.6355274791e-7 2.4116655784e-7 8.5066021640e-8 3.0743558881e-8 1.6464503870e-8
1.5300000000e0 2.4314612519e-8 5.4338818520e-8 1.5028081118e-7 4.1414996773e-7 1.1058327943e-6 2.8522095692e-6 7.1038592663e-6 1.7084948955e-5 3.9676932298e-5 8.8974923462e-5 1.9266487788e-4 4.0284981799e-4 8.1337309349e-4 1.5857793675e-3 2.9853988866e-3 5.4271134484e-3 9.5267027817e-3 1.6148185145e-2 2.6430925016e-2 4.1774247212e-2 6.3754750891e-2 9.3955905474e-2 1.3370360413e-1 1.8372552057e-1 2.4378275945e-1 3.1235134081e-1 3.8644738949e-1 4.6168283595e-1 5.3260246645e-1 5.9329199759e-1 6.3817459811e-1 6.6285135013e-1 6.6481126949e-1 6.4385233889e-1 6.0211582282e-1 5.4372579305e-1 4.7411786787e-1 3.9920835507e-1 3.2457889728e-1 2.5482892571e-1 1.9319028904e-1 1.4142629542e-1 9.9973123580e-2 6.8240802378e-2 4.4979206617e-2 2.8627579778e-2 1.7593821913e-2 1.0440828775e-2 5.9827966810e-3 3.3102575847e-3 1.7684780048e-3 9.1223747799e-4 4.5433299687e-4 2.1846602353e-4 1.0141891884e-4 4.5452565576e-5 1.9664252478e-5 8.2119714145e-6 3.3100632748e-6 1.2877064456e-6 4.8355790751e-7 1.7564998011e-7 6.2996020470e-8 2.6360819301e-8
1.5750000000e0 2.8935057292e-8 4.6302513512e-8 1.2012929518e-7 3.2837774931e-7 8.7605554966e-7 2.2605879072e-6 5.6365419901e-6 1.3578717395e-5 3.1604902311e-5 7.1072160726e-5 1.5441665894e-4 3.2414448301e-4 6.5740541095e-4 1.2881854345e-3 2.4387892304e-3 4.4608868855e-3 7.8835071078e-3 1.3460749284e-2 2.2206017832e-2 3.5393532527e-2 5.4504072345e-2 8.1093451497e-2 1.1657202027e-1 1.6190282392e-1 2.1725305721e-1 2.8166216498e-1 3.5281092176e-1 4.2697864868e-1 4.9925298792e-1 5.6400809438e-1 6.1560192292e-1 6.4917897088e-1 6.6142212109e-1 6.5109269763e-1 6.1923700456e-1 5.6901166523e-1 5.0516812568e-1 4.3331287239e-1 3.5910259342e-1 2.8753268249e-1 2.2243749130e-1 1.6625745078e-1 1.2006230130e-1 8.3769204568e-2 5.6469462457e-2 3.6778435816e-2 2.3143087696e-2 1.4070030133e-2 8.2643862842e-3 4.6898931318e-3 2.5712567643e-3 1.3619142672e-3 6.9689213418e-4 3.4449282676e-4 1.6450473197e-4 7.5882573737e-5 3.3810358285e-5 1.4550456842e-5 6.0477549620e-6 2.4275812542e-6 9.4106425339e-7 3.5258834766e-7 1.2867859118e-7 4.8945391038e-8
1.6200000000e0 4.3310838551e-8 4.3712690834e-8 9.7530672931e-8 2.6089010425e-7 6.9426414351e-7 1.7919266068e-6 4.4726490744e-6 1.0792283342e-5 2.5173840909e-5 5.6763820133e-5 1.2373135750e-4 2.6071992815e-4 5.3107426982e-4 1.0457386987e-3 1.9905737974e-3 3.6628644719e-3 6.5155507383e-3 1.1203902959e-2 1.8624114653e-2 2.9927479025e-2 4.6489287044e-2 6.9811003473e-2 1.0134050210e-1 1.4221004579e-1 1.9291472701e-1 2.5298114882e-1 3.2069956530e-1 3.9300290785e-1 4.6556474814e-1 5.3315208987e-1 5.9021283624e-1 6.3161516633e-1 6.5340542665e-1 6.5343021727e-1 6.3168718822e-1 5.9032540959e-1 5.3329523194e-1 4.6572663332e-1 3.9317146036e-1 3.2086388918e-1 2.5313257391e-1 1.9304736232e-1 1.4232084648e-1 1.0142894450e-1 6.9878510176e-2 4.6538551707e-2 2.9961817615e-2 1.8646930415e-2 1.1218308525e-2 6.5241522784e-3 3.6676850025e-3 1.9930777278e-3 1.0469163702e-3 5.3155054192e-4 2.6086087645e-4 1.2373414484e-4 5.6724143564e-5 2.5131735582e-5 1.0760394872e-5 4.4520298662e-6 1.7799030007e-6 6.8779536351e-7 2.5766356434e-7 9.6094652837e-8
1.6650000000e0 7.6025201950e-8 4.9448291401e-8 8.2372096769e-8 2.0838288860e-7 5.5061727289e-7 1.4206893664e-6 3.5493817429e-6 8.5778454079e-6 2.0050494023e-5 4.5330193137e-5 9.9120900747e-5 2.0963233847e-4 4.2881203459e-4 8.4838228807e-4 1.6234258344e-3 3.0046218413e-3 5.3785343118e-3 9.3122588005e-3 1.5594206117e-2 2.5257406951e-2 3.9566859006e-2 5.9950349290e-2 8.7855537153e-2 1.2452705939e-1 1.7071644077e-1 2.2636213943e-1 2.9030120362e-1 3.6008932507e-1 4.3200400953e-1 5.0128094695e-1 5.6258779348e-1 6.1068174755e-1 6.4114314181e-1 6.5104417599e-1 6.3941284959e-1 6.0739027965e-1 5.5804613820e-1 4.9589354976e-1 4.2620961712e-1 3.5430301695e-1 2.8486799723e-1 2.2152871145e-1 1.6662269853e-1 1.2121493933e-1 8.5289539711e-2 5.8043348683e-2 3.8205436364e-2 2.4322724170e-2 1.4976529199e-2 8.9190518281e-3 5.1372448532e-3 2.8618055391e-3 1.5418457571e-3 8.0338481045e-4 4.0483410530e-4 1.9728224607e-4 9.2969490161e-5 4.2365828168e-5 1.8667749939e-5 7.9532532321e-6 3.2760658913e-6 1.3048072145e-6 5.0307436699e-7 1.8973162170e-7
1.7100000000e0 1.4310055906e-7 6.9534438278e-8 7.6026798531e-8 1.6879225272e-7 4.3753032174e-7 1.1267340981e-6 2.8169815461e-6 6.8179653953e-6 1.5969197203e-5 3.6195184986e-5 7.9388202164e-5 1.6849948492e-4 3.4608189443e-4 6.8785540636e-4 1.3229812465e-3 2.4623441314e-3 4.4348872654e-3 7.7295713392e-3 1.3036691795e-2 2.1277405813e-2 3.3605419382e-2 5.1361694942e-2 7.5964157324e-2 1.0872198295e-1 1.5057925096e-1 2.0181426071e-1 2.6174434859e-1 3.2850447521e-1 3.9897303646e-1 4.6890390697e-1 5.3328822984e-1 5.8691852306e-1 6.2507363696e-1 6.4420195638e-1 6.4246637118e-1 6.2003521631e-1 5.7905535422e-1 5.2331335973e-1 4.5765887673e-1 3.8731172481e-1 3.1718924911e-1 2.5137129806e-1 1.9277584455e-1 1.4306367921e-1 1.0274151321e-1 7.1400617576e-2 4.8017182435e-2 3.1248473688e-2 1.9678702895e-2 1.1992147133e-2 7.0717449247e-3 4.0353442595e-3 2.2281931436e-3 1.1905171417e-3 6.1548804902e-4 3.0788839771e-4 1.4901948979e-4 6.9783488759e-5 3.1615728243e-5 1.3857118162e-5 5.8754308458e-6 2.4099156407e-6 9.5664611482e-7 3.6905608147e-7
1.7550000000e0 2.7339889178e-7 1.1553783505e-7 8.2328770281e-8 1.4155419944e-7 3.4940373264e-7 8.9426064520e-7 2.2360504630e-6 5.4193410607e-6 1.2718195442e-5 2.8897783513e-5 6.3570706739e-5 1.3539493530e-4 2.7919062812e-4 5.5738150665e-4 1.0773525714e-3 2.0161228574e-3 3.6528364044e-3 6.4076348449e-3 1.0882276761e-2 1.7893545118e-2 2.8485753802e-2 4.3904978674e-2 6.5517080270e-2 9.4656390382e-2 1.3240362154e-1 1.7930985143e-1 2.3510540084e-1 2.9845235743e-1 3.6680998311e-1 4.3647641348e-1 5.0284449852e-1 5.6086680258e-1 6.0567373192e-1 6.3324334081e-1 6.4099611356e-1 6.2819299491e-1 5.9605157760e-1 5.4755514031e-1 4.8699602690e-1 4.1935018651e-1 3.4960890253e-1 2.8219070186e-1 2.2052498503e-1 1.6685068861e-1 1.2222311908e-1 8.6682953368e-2 5.9520765944e-2 3.9569163215e-2 2.5468143547e-2 1.5870391111e-2 9.5746943191e-3 5.5924898230e-3 3.1624479032e-3 1.7313026872e-3 9.1758452481e-4 4.7079610268e-4 2.3384150324e-4 1.1243416755e-4 5.2329496257e-5 2.3574760308e-5 1.0279683456e-5 4.3384076663e-6 1.7724159207e-6 7.0212139098e-7
1.8000000000e0 5.1733180502e-7 2.0858854747e-7 1.0931771304e-7 1.2823671325e-7 2.8258765141e-7 7.1105090658e-7 1.7754557665e-6 4.3078680158e-6 1.0128729486e-5 2.3069165686e-5 5.0894778499e-5 1.0876186426e-4 2.2513450367e-4 4.5140847066e-4 8.7671783834e-4 1.6493496606e-3 3.0055822909e-3 5.3052728069e-3 9.0708964458e-3 1.5022984737e-2 2.4100489580e-2 3.7450633608e-2 5.6371051234e-2 8.2189568716e-2 1.1607555545e-1 1.5879184592e-1 2.1041602114e-1 2.7007997684e-1 3.3579075169e-1 4.0439670907e-1 4.7174664872e-1 5.3305519060e-1 5.8344177408e-1 6.1856416256e-1 6.3523414549e-1 6.3189480271e-1 6.0886035466e-1 5.6826739746e-1 5.1374800732e-1 4.4989401677e-1 3.8162188490e-1 3.1355928043e-1 2.4955696854e-1 1.9239051522e-1 1.4366853613e-1 1.0392108726e-1 7.2813078559e-2 4.9417200533e-2 3.2486939530e-2 2.0687103440e-2 1.2759933344e-2 7.6234529449e-3 4.4116942456e-3 2.4728857184e-3 1.3425822092e-3 7.0600475111e-4 3.5957889070e-4 1.7737341885e-4 8.4737650846e-5 3.9204977020e-5 1.7565646744e-5 7.6212853590e-6 3.2022074580e-6 1.3038267846e-6
1.8450000000e0 9.6049960791e-7 3.8591846000e-7 1.7221438913e-7 1.3376480754e-7 2.3566979877e-7 5.6799965459e-7 1.4107228050e-6 3.4247360202e-6 8.0663354752e-6 1.8414337688e-5 4.0738876510e-5 8.7342913226e-5 1.8147266315e-4 3.6539263851e-4 7.1297394820e-4 1.3481961074e-3 2.4705762097e-3 4.3874222552e-3 7.5506925552e-3 1.2593036410e-2 2.0353567868e-2 3.1879911955e-2 4.8390505176e-2 7.1181909834e-2 1.0147182389e-1 1.4018047248e-1 1.8767033601e-1 2.4348354323e-1 3.0613237211e-1 3.7300473831e-1 4.4043789759e-1 5.0398784527e-1 5.5888227171e-1 6.0060006544e-1 6.2548243937e-1 6.3126188309e-1 6.1740305266e-1 5.8518457440e-1 5.3750443851e-1 4.7845002880e-1 4.1272118569e-1 3.4501892275e-1 2.7950872318e-1 2.1943929583e-1 1.6695530217e-1 1.2309852948e-1 8.7957361010e-2 6.0905673013e-2 4.0870382830e-2 2.6578089475e-2 1.6749467339e-2 1.0229108801e-2 6.0538360624e-3 3.4719627817e-3 1.9295912282e-3 1.0391885770e-3 5.4231747254e-4 2.7424117004e-4 1.3437522649e-4 6.3796783933e-5 2.9346395154e-5 1.3078863019e-5 5.6472957683e-6 2.3630876778e-6
1.8900000000e0 1.7444509867e-6 7.1117893780e-7 2.9830961712e-7 1.6858435333e-7 2.1024246893e-7 4.5897666168e-7 1.1228581947e-6 2.7233655082e-6 6.4239190973e-6 1.4697420132e-5 3.2603848109e-5 7.0123173109e-5 1.4622325272e-4 2.9561968272e-4 5.7944534541e-4 1.1011692600e-3 2.0288894454e-3 3.6243122129e-3 6.2770548197e-3 1.0540215437e-2 1.7159570307e-2 2.7084869477e-2 4.1448662502e-2 6.1497534071e-2 8.8464334938e-2 1.2337920088e-1 1.6683177159e-1 2.1871494802e-1 2.7799748648e-1 3.4258296663e-1 4.0931056135e-1 4.7413523634e-1 5.3249243464e-1 5.7981099795e-1 6.1209829158e-1 6.2649493911e-1 6.2169257334e-1 5.9813002111e-1 5.5792714698e-1 5.0457017816e-1 4.4241325368e-1 3.7609490520e-1 3.0997727713e-1 2.4769979746e-1 1.9190445799e-1 1.4414786795e-1 1.0497722569e-1 7.4121703649e-2 5.0740943542e-2 3.3677010663e-2 2.1670497301e-2 1.3519556526e-2 8.1773270915e-3 4.7952570952e-3 2.7262095879e-3 1.5026139740e-3 8.0291412592e-4 4.1592533103e-4 2.0886977591e-4 1.0168039269e-4 4.7982802241e-5 2.1948496972e-5 9.7315821843e-6 4.1827383969e-6
1.9350000000e0 3.0974256563e-6 1.2902681406e-6 5.3474717380e-7 2.5228577289e-7 2.1240322867e-7 3.8111816906e-7 8.9758926178e-7 2.1670442147e-6 5.1162596203e-6 1.1729865547e-5 2.6088981786e-5 5.6283882026e-5 1.1777833540e-4 2.3905634210e-4 4.7063985075e-4 8.9873347130e-4 1.6646661730e-3 2.9907328664e-3 5.2117371856e-3 8.8093113020e-3 1.4442955950e-2 2.2968094540e-2 3.5428162379e-2 5.3006246123e-2 7.6923701653e-2 1.0827991481e-1 1.4783937100e-1 1.9578824483e-1 2.5149956673e-1 3.1335872592e-1 3.7870415290e-1 4.4392732121e-1 5.0475082803e-1 5.5666693167e-1 5.9547964665e-1 6.1786199796e-1 6.2182634096e-1 6.0701563815e-1 5.7475651992e-1 5.2786319726e-1 4.7023240370e-1 4.0631017183e-1 3.4053135912e-1 2.7682869242e-1 2.1828300488e-1 1.6694897576e-1 1.2385189563e-1 8.9120267667e-2 6.2202069402e-2 4.2110168121e-2 2.7651693976e-2 1.7611949724e-2 1.0880321345e-2 6.5196081359e-3 3.7891582633e-3 2.1359959649e-3 1.1678532924e-3 6.1929661683e-4 3.1850959019e-4 1.5887252955e-4 7.6853709393e-5 3.6054224237e-5 1.6402475287e-5 7.2365677695e-6
1.9800000000e0 5.3786843633e-6 2.2949599544e-6 9.6056074062e-7 4.1944483754e-7 2.5538197445e-7 3.3572542209e-7 7.2505820520e-7 1.7271759134e-6 4.0756789336e-6 9.3610390820e-6 2.0872719381e-5 4.5164860987e-5 9.4834284203e-5 1.9322792879e-4 3.8204454792e-4 7.3298968136e-4 1.3646512595e-3 2.4653902436e-3 4.3220523549e-3 7.3524974994e-3 1.2137252238e-2 1.9442252489e-2 3.0221326773e-2 4.5584922059e-2 6.6722083890e-2 9.4767319562e-2 1.3061350413e-1 1.7468592055e-1 2.2670854453e-1 2.8550771622e-1 3.4890532095e-1 4.1374897091e-1 4.7610821695e-1 5.3163515753e-1 5.7605090311e-1 6.0568540830e-1 6.1797715721e-1 6.1183854426e-1 5.8781469732e-1 5.4800358738e-1 4.9575365577e-1 4.3519937882e-1 3.7072400569e-1 3.0644570837e-1 2.4580858233e-1 1.9132927263e-1 1.4451295988e-1 1.0591882059e-1 7.5332121121e-2 5.1990913638e-2 3.4818816776e-2 2.2627602187e-2 1.4269183961e-2 8.7315885383e-3 5.1846276775e-3 2.9872242191e-3 1.6700854716e-3 9.0599059011e-4 4.7688636139e-4 2.4355829093e-4 1.2069148102e-4 5.8026075271e-5 2.7066328987e-5 1.2248716260e-5
2.0250000000e0 9.1407939608e-6 3.9972661412e-6 1.7047904005e-6 7.2874443308e-7 3.6387465011e-7 3.3005827248e-7 6.0007762486e-7 1.3821086635e-6 3.2486814324e-6 7.4707125543e-6 1.6697138505e-5 3.6234068354e-5 7.6334911381e-5 1.5611730440e-4 3.0995555883e-4 5.9740435713e-4 1.1177845586e-3 2.0303401035e-3 3.5801451207e-3 6.1284941565e-3 1.0184233580e-2 1.6429503616e-2 2.5730136789e-2 3.9118420920e-2 5.7735385370e-2 8.2722620327e-2 1.1506092171e-1 1.5536479937e-1 2.0365658633e-1 2.5915832454e-1 3.2014929663e-1 3.8393741688e-1 4.4698057251e-1 5.0516938495e-1 5.5424966539e-1 5.9032858208e-1 6.1038253349e-1 6.1267521463e-1 5.9700576133e-1 5.6473779679e-1 5.1860355562e-1 4.6232209913e-1 4.0010557857e-1 3.3614420564e-1 2.7415615165e-1 2.1706606946e-1 1.6684286387e-1 1.2449305480e-1 9.0178764866e-2 6.3413942885e-2 4.3289830803e-2 2.8688420295e-2 1.8456335765e-2 1.1526576738e-2 6.9882504279e-3 4.1128820968e-3 2.3497911015e-3 1.3032024510e-3 7.0159646169e-4 3.6664656706e-4 1.8598714526e-4 9.1576080324e-5 4.3765572968e-5 2.0301372848e-5
2.0700000000e0 1.5214945337e-5 6.8181480509e-6 2.9730479450e-6 1.2768236980e-6 5.8091054393e-7 3.8046173649e-7 5.2314502215e-7 1.1165743509e-6 2.5934376666e-6 5.9631232642e-6 1.3355490632e-5 2.9062950275e-5 6.1425059939e-5 1.2608169741e-4 2.5133639294e-4 4.8658107327e-4 9.1485376183e-4 1.6704941852e-3 2.9623424665e-3 5.1017917150e-3 8.5331125544e-3 1.3860841774e-2 2.1865991443e-2 3.3500106919e-2 4.9844889836e-2 7.2026523796e-2 1.0107914069e-1 1.3776147147e-1 1.8234379923e-1 2.3439646127e-1 2.9262252078e-1 3.5478145158e-1 4.1774412673e-1 4.7770075432e-1 5.3051478985e-1 5.7218301157e-1 5.9933309447e-1 6.0967359671e-1 6.0231320601e-1 5.7788756724e-1 5.3846866411e-1 4.8727466919e-1 4.2823660789e-1 3.6550267749e-1 3.0296636860e-1 2.4389091087e-1 1.9067525837e-1 1.4477404641e-1 1.0675413252e-1 7.6449750670e-2 5.3169720129e-2 3.5912761711e-2 2.3557443827e-2 1.5007237847e-2 9.2846241801e-3 5.5784799897e-3 3.2550047676e-3 1.8444498524e-3 1.0149759475e-3 5.4238954873e-4 2.8146549713e-4 1.4183632351e-4 6.9404408259e-5 3.2977172854e-5
2.1150000000e0 2.4824939318e-5 1.1394870482e-5 5.0855018405e-6 2.2187579342e-6 9.7839260012e-7 5.1746180696e-7 5.0253564628e-7 9.2185123482e-7 2.0780538748e-6 4.7623385068e-6 1.0682226099e-5 2.3306510320e-5 4.9412778304e-5 1.0178431545e-4 2.0370031406e-4 3.9606855299e-4 7.4819845614e-4 1.3731917934e-3 2.4485767071e-3 4.2419398823e-3 7.1397616782e-3 1.1675390880e-2 1.8549307978e-2 2.8632059504e-2 4.2938418459e-2 6.2561626478e-2 8.8560174772e-2 1.2179717965e-1 1.6274370236e-1 2.1127065822e-1 2.6646614578e-1 3.2652209877e-1 3.8873230107e-1 4.4963077452e-1 5.0527596157e-1 5.5165599881e-1 5.8516060336e-1 6.0304373467e-1 6.0379506167e-1 5.8735056520e-1 5.5510154405e-1 5.0970026687e-1 4.5469992321e-1 3.9409664592e-1 3.3185525020e-1 2.7149572501e-1 2.1579722972e-1 1.6664698218e-1 1.2503102884e-1 9.1139535281e-2 6.4545229479e-2 4.4410865002e-2 2.9688012542e-2 1.9281395880e-2 1.2166324812e-2 7.4583276748e-3 4.4420295977e-3 2.5702499832e-3 1.4448350134e-3 7.8904922110e-4 4.1862545816e-4 2.1576167311e-4 1.0802895793e-4 5.2542766860e-5
2.1600000000e0 3.9735759695e-5 1.8671882547e-5 8.5298749745e-6 3.7975926057e-6 1.6728307669e-6 7.9372126374e-7 5.5795387943e-7 7.9686388961e-7 1.6796470500e-6 3.8087506389e-6 8.5450617019e-6 1.8687226741e-5 3.9738530375e-5 8.2138202819e-5 1.6501283791e-4 3.2219975715e-4 6.1145869450e-4 1.1278298061e-3 2.0218768634e-3 3.5229030033e-3 5.9659780292e-3 9.8196881435e-3 1.5709012721e-2 2.4425039213e-2 3.6911086305e-2 5.4214258736e-2 7.7393642897e-2 1.0738213132e-1 1.4480834375e-1 1.8979721689e-1 2.4178013523e-1 2.9935446772e-1 3.6023429262e-1 4.2132611792e-1 4.7894493552e-1 5.2915943575e-1 5.6822609463e-1 5.9304742782e-1 6.0157710761e-1 5.9309852629e-1 5.6832420641e-1 5.2929692845e-1 4.7911160628e-1 4.2151043462e-1 3.6042469015e-1 2.9954050012e-1 2.4195333345e-1 1.8995157259e-1 1.4494041501e-1 1.0749082767e-1 7.7479786684e-2 5.4280033272e-2 3.6959472102e-2 2.4459315798e-2 1.5732372660e-2 9.8349800077e-3 5.9755710081e-3 3.5286503772e-3 2.0251486975e-3 1.1295854724e-3 6.1233477062e-4 3.2259596513e-4 1.6516590983e-4 8.2179550430e-5
2.2050000000e0 6.2442529301e-5 3.0020522601e-5 1.4033635423e-5 6.3859129694e-6 2.8482318721e-6 1.2960611045e-6 7.2643081044e-7 7.5056798803e-7 1.3843377621e-6 3.0566121625e-6 6.8387565462e-6 1.4982118651e-5 3.1950171215e-5 6.6260216949e-5 1.3361105963e-4 2.6195731567e-4 4.9936204863e-4 9.2554448721e-4 1.6679228474e-3 2.9224807749e-3 4.9787984686e-3 8.2469757264e-3 1.3281962312e-2 2.0798267953e-2 3.1665729555e-2 4.6875855023e-2 6.7469302417e-2 9.4419231028e-2 1.2847298122e-1 1.6996523891e-1 2.1862771951e-1 2.7343051742e-1 3.3249507835e-1 3.9311514394e-1 4.5190848613e-1 5.0509987658e-1 5.4890852328e-1 5.7998741711e-1 5.9584463574e-1 5.9517322620e-1 5.7802909799e-1 5.4582333474e-1 5.0113039030e-1 4.4734833821e-1 3.8827335535e-1 3.2766213849e-1 2.6885126142e-1 2.1448416823e-1 1.6637033389e-1 1.2547409204e-1 9.2008862838e-2 6.5599783408e-2 4.5474900411e-2 3.0650451551e-2 2.0086142941e-2 1.2798206072e-2 7.9285233840e-3 4.7755493516e-3 2.7966530553e-3 1.5923320912e-3 8.8146103023e-4 4.7439547396e-4 2.4822086378e-4 1.2626636783e-4
2.2500000000e0 9.6404979109e-5 4.7392964374e-5 2.2660037769e-5 1.0542987360e-5 4.7886006305e-6 2.1631276524e-6 1.0714153708e-6 8.0613818402e-7 1.1883877162e-6 2.4726121672e-6 5.4803640920e-6 1.2012410846e-5 2.5682652853e-5 5.3433357065e-5 1.0813701978e-4 2.1286123445e-4 4.0754377304e-4 7.5893890214e-4 1.3746567690e-3 2.4217916600e-3 4.1498696964e-3 6.9165166476e-3 1.1212327045e-2 1.7679073366e-2 2.7113068030e-2 4.0443919246e-2 5.8679061494e-2 8.2807248930e-2 1.1366027932e-1 1.5174141056e-1 1.9704000205e-1 2.4886247771e-1 3.0571659010e-1 3.6528597911e-1 4.2452303448e-1 4.7987005208e-1 5.2759425631e-1 5.6419654361e-1 5.8683322921e-1 5.9368064921e-1 5.8417781363e-1 5.5910231377e-1 5.2046523323e-1 4.7124476722e-1 4.1500750217e-1 3.5548409290e-1 2.9616889359e-1 2.4000150890e-1 1.8916636844e-1 1.4502049973e-1 1.0813601564e-1 7.8427188869e-2 5.5324547432e-2 3.7959753599e-2 2.5332743463e-2 1.6443453320e-2 1.0381353171e-2 6.3747424843e-3 3.8072906687e-3 2.2116192054e-3 1.2495135496e-3 6.8659762397e-4 3.6693377053e-4 1.9071701231e-4
2.2950000000e0 1.4633123001e-4 7.3515529344e-5 3.5932948609e-5 1.7091520212e-5 7.9230173982e-6 3.6107109722e-6 1.6963203697e-6 1.0076921637e-6 1.1008530855e-6 2.0356014687e-6 4.4058296176e-6 9.6353784191e-6 2.0641623965e-5 4.3075983658e-5 8.7482757991e-5 1.7287538263e-4 3.3239533564e-4 6.2185022240e-4 1.1319456612e-3 2.0048153198e-3 3.4548746946e-3 5.7929459170e-3 9.4509611073e-3 1.5002438652e-2 2.3171659921e-2 3.4822650545e-2 5.0918529595e-2 7.2443456307e-2 1.0028400119e-1 1.3507444950e-1 1.7702054893e-1 2.2572670056e-1 2.8005981702e-1 3.3808595419e-1 3.9711086308e-1 4.5384189486e-1 5.0466764756e-1 5.4602725993e-1 5.7481899940e-1 5.8878375697e-1 5.8679779458e-1 5.6902211430e-1 5.3688089843e-1 4.9287302628e-1 4.4025128137e-1 3.8262637019e-1 3.2356242418e-1 2.6622595371e-1 2.1313364656e-1 1.6602102104e-1 1.2582983446e-1 9.2792646534e-2 6.6581355029e-2 4.6483663558e-2 3.1575916377e-2 2.0869804205e-2 1.3421037115e-2 8.3976366644e-3 5.1124470697e-3 3.0282944041e-3 1.7452631474e-3 9.7861636170e-4 5.3388408987e-4 2.8337247259e-4
2.3400000000e0 2.1851260241e-4 1.1212566973e-4 5.5995361982e-5 2.7218417932e-5 1.2886747368e-5 5.9671786495e-6 2.7641493915e-6 1.4305465205e-6 1.1483045069e-6 1.7377008444e-6 3.5679095334e-6 7.7380739497e-6 1.6590259461e-5 3.4716727836e-5 7.0745083098e-5 1.4032977121e-4 2.7093715625e-4 5.0915172495e-4 9.3129008859e-4 1.6579897527e-3 2.8730151217e-3 4.8456640349e-3 7.9547785305e-3 1.2710491649e-2 1.9767698032e-2 2.9923289641e-2 4.4088165803e-2 6.3225769207e-2 8.8252195814e-2 1.1989915308e-1 1.5854982932e-1 2.0406774584e-1 2.5564760565e-1 3.1172218589e-1 3.6995778407e-1 4.2736107448e-1 4.8050285672e-1 5.2584180511e-1 5.6010868615e-1 5.8069426786e-1 5.8597733095e-1 5.7553559552e-1 5.5020147943e-1 5.1195247099e-1 4.6365615154e-1 4.0871548963e-1 3.5067521153e-1 2.9285197039e-1 2.3804032814e-1 1.8832691437e-1 1.4502196526e-1 1.0869628670e-1 7.9296678448e-2 5.6305951926e-2 3.8914553672e-2 2.6177451780e-2 1.7139534448e-2 1.0922583214e-2 6.7749211083e-3 4.0900906583e-3 2.4033003161e-3 1.3744388265e-3 7.6503277209e-4 4.1444412156e-4
2.3850000000e0 3.2120828971e-4 1.6825547844e-4 8.5806072448e-5 4.2604121095e-5 2.0602246666e-5 9.7219502980e-6 4.5252346050e-6 2.1963102489e-6 1.3823851566e-6 1.5871814790e-6 2.9355089659e-6 6.2327588738e-6 1.3338809124e-5 2.7974113202e-5 5.7188415330e-5 1.1385608018e-4 2.2071193235e-4 4.1658481699e-4 7.6557339101e-4 1.3698585043e-3 2.3865478027e-3 4.0482769484e-3 6.6861487233e-3 1.0751960302e-2 1.6834689444e-2 2.5664240041e-2 3.8094083240e-2 5.5054447726e-2 7.7469897664e-2 1.0614001403e-1 1.4158940772e-1 1.8390253679e-1 2.3256794782e-1 2.8636308888e-1 3.4331209713e-1 4.0074298465e-1 4.5545699980e-1 5.0400328105e-1 5.4302997445e-1 5.6966384431e-1 5.8185921845e-1 5.7865755141e-1 5.6031190077e-1 5.2825388160e-1 4.8490908770e-1 4.3339400890e-1 3.7714698095e-1 3.1955360834e-1 2.6362243851e-1 2.1175162269e-1 1.6560634266e-1 1.2610522051e-1 9.3496416700e-2 6.7493575108e-2 4.7438945922e-2 3.2464750823e-2 2.1631795667e-2 1.4033796215e-2 8.8645778982e-3 5.4517879123e-3 3.2644870257e-3 1.9031914393e-3 1.0802821652e-3 5.9699949691e-4
2.4300000000e0 4.6507508413e-4 2.4856244136e-4 1.2937802675e-4 6.5584896978e-5 3.2384193761e-5 1.5590359693e-5 7.3555384539e-6 3.4944733565e-6 1.8912415886e-6 1.6136946557e-6 2.4946734857e-6 5.0539838615e-6 1.0736495758e-5 2.2540107996e-5 4.6214338196e-5 9.2334280968e-5 1.7969541936e-4 3.4061692894e-4 6.2884667669e-4 1.1307632263e-3 1.9803724828e-3 3.3780842133e-3 5.6123213597e-3 9.0816158247e-3 1.4313053652e-2 2.1971012033e-2 3.2848564715e-2 4.7833401424e-2 6.7841367207e-2 9.3714390986e-2 1.2608581765e-1 1.6522445185e-1 2.1087757102e-1 2.6214061115e-1 3.1738465616e-1 3.7427008145e-1 4.2986465389e-1 4.8086779701e-1 5.2392232219e-1 5.5597505657e-1 5.7463343232e-1 5.7846044138e-1 5.6715750912e-1 5.4160298273e-1 5.0373934764e-1 4.5632927346e-1 4.0262301179e-1 3.4599264221e-1 2.8958985063e-1 2.3607401918e-1 1.8743969809e-1 1.4495178263e-1 1.0917774791e-1 8.0092738553e-2 5.7226908187e-2 3.9824930142e-2 2.6993336733e-2 1.7819840893e-2 1.1457642862e-2 7.1751173936e-3 4.3762543316e-3 2.5996378523e-3 1.5040288556e-3 8.4747716742e-4
2.4750000000e0 6.6363303150e-4 3.6170529692e-4 1.9206034121e-4 9.9351924430e-5 5.0072710371e-5 2.4598578074e-5 1.1808382524e-5 5.6125279135e-6 2.8161657919e-6 1.8766524605e-6 2.2516357902e-6 4.1573972866e-6 8.6655301498e-6 1.8166999341e-5 3.7336742698e-5 7.4848542430e-5 1.4622197034e-4 2.7832160492e-4 5.1614508351e-4 9.3257693659e-4 1.6416673957e-3 2.8156153554e-3 4.7048871000e-3 7.6597198592e-3 1.2149667993e-2 1.8776031155e-2 2.8270340427e-2 4.1471151861e-2 5.9271909147e-2 8.2535238130e-2 1.1197407206e-1 1.4800724897e-1 1.9060567185e-1 2.3915300008e-1 2.9234985744e-1 3.4819043975e-1 4.0403368546e-1 4.5677778336e-1 5.0312853069e-1 5.3993244978e-1 5.6452917431e-1 5.7506883245e-1 5.7074193658e-1 5.5188212299e-1 5.1992363972e-1 4.7722110190e-1 4.2676295965e-1 3.7182705517e-1 3.1563317009e-1 2.6104288020e-1 2.1034335194e-1 1.6513288144e-1 1.2630664285e-1 9.4125352718e-2 6.8339944108e-2 4.8342577805e-2 3.3317434463e-2 2.2371698779e-2 1.4635609335e-2 9.3283636025e-3 5.7926975617e-3 3.5045669752e-3 2.0656787351e-3 1.1862116922e-3
2.5200000000e0 9.3375310397e-4 5.1875935193e-4 2.8086380657e-4 1.4818995635e-4 7.6198661307e-5 3.8192438176e-5 1.8682821991e-5 8.9770444185e-6 4.3751231969e-6 2.4778232598e-6 2.2385132041e-6 3.5205126594e-6 7.0371495411e-6 1.4657142234e-5 3.0161662110e-5 6.0650906199e-5 1.1892253060e-4 2.2727757360e-4 4.2333124690e-4 7.6847352338e-4 1.3595688519e-3 2.3442131376e-3 3.9392779992e-3 6.4514877760e-3 1.0297383554e-2 1.6018346636e-2 2.4284673623e-2 3.5881501856e-2 5.1669309721e-2 7.2513411376e-2 9.9180786740e-2 1.3220874526e-1 1.7175766029e-1 2.1746792530e-1 2.6834736433e-1 3.2271737562e-1 3.7824232903e-1 4.3205651606e-1 4.8098722747e-1 5.2185399199e-1 5.5180662784e-1 5.6865287324e-1 5.7112346798e-1 5.5903020327e-1 5.3328961600e-1 4.9580818618e-1 4.4924900127e-1 3.9671953037e-1 3.4143124324e-1 2.8638240909e-1 2.3410623667e-1 1.8651051722e-1 1.4481629696e-1 1.0958605776e-1 8.0819617710e-2 5.8090032087e-2 4.0692024621e-2 2.7780440058e-2 1.8483749627e-2 1.1985628638e-2 7.5744235868e-3 4.6650270806e-3 2.8000887676e-3 1.6379442277e-3
2.5650000000e0 1.2961479858e-3 7.3366153825e-4 4.0482690750e-4 2.1775675342e-4 1.1418425730e-4 5.8373931377e-5 2.9112130772e-5 1.4208485513e-5 6.8951948766e-6 3.5795010094e-6 2.5224793947e-6 3.1458405270e-6 5.7897349175e-6 1.1855290516e-5 2.4371089330e-5 4.9131479842e-5 9.6673129341e-5 1.8548399960e-4 3.4696233198e-4 6.3272930876e-4 1.1248909158e-3 1.9496615474e-3 3.2943094154e-3 5.4265767552e-3 8.7145299244e-3 1.3643269665e-2 2.0823294824e-2 3.0983958317e-2 4.4944936749e-2 6.3559577617e-2 8.7626910298e-2 1.1777419869e-1 1.5431880860e-1 1.9712580600e-1 2.4548439298e-1 2.9802997225e-1 3.5273741069e-1 4.0700384358e-1 4.5782637176e-1 5.0206312705e-1 5.3674872262e-1 5.5942111890e-1 5.6841017830e-1 5.6304100402e-1 5.4371769063e-1 5.1187305633e-1 4.6979303860e-1 4.2034563561e-1 3.6665899173e-1 3.1179859055e-1 2.5848904165e-1 2.0891347417e-1 1.6460658026e-1 1.2643997189e-1 9.4684301503e-2 6.9123825442e-2 4.9196407056e-2 3.4134557628e-2 2.3089239433e-2 1.5225736730e-2 9.7881107621e-3 6.1343622865e-3 3.7478965374e-3 2.2322893490e-3
2.6100000000e0 1.7758422094e-3 1.0236710691e-3 5.7541601922e-4 3.1540231956e-4 1.6858106169e-4 8.7868775951e-5 4.4675939491e-5 2.2192829856e-5 1.0856309443e-5 5.4299263323e-6 3.2194927516e-6 3.0669915937e-6 4.8892262267e-6 9.6433725220e-6 1.9710247984e-5 3.9794129123e-5 7.8552218084e-5 1.5128949551e-4 2.8417739265e-4 5.2055279634e-4 9.2988125142e-4 1.6198557269e-3 2.7517636816e-3 4.5586044852e-3 7.3644229240e-3 1.1601966071e-2 1.7824219993e-2 2.6703951815e-2 3.9014546197e-2 5.5585759797e-2 7.7230067765e-2 1.0463935911e-1 1.3825772306e-1 1.7814321329e-1 2.2383839709e-1 2.7427434532e-1 3.2773358994e-1 3.8189306658e-1 4.3395783905e-1 4.8088160179e-1 5.1965316983e-1 5.4761301086e-1 5.6275412293e-1 5.6396010995e-1 5.5114125047e-1 5.2524553043e-1 4.8814275578e-1 4.4240141702e-1 3.9099527515e-1 3.3698612543e-1 2.8322932162e-1 2.3214013849e-1 1.8554455836e-1 1.4462128838e-1 1.0992645908e-1 8.1481335584e-2 5.8897880486e-2 4.1517040200e-2 2.8538926986e-2 1.9130773035e-2 1.2505751545e-2 7.9720108498e-3 4.9556971892e-3 3.0041245923e-3
2.6550000000e0 2.4025935470e-3 1.4098270275e-3 8.0694963130e-4 4.5052425259e-4 2.4534587667e-4 1.3032770481e-4 6.7539409743e-5 3.4173250822e-5 1.6948948805e-5 8.3979632213e-6 4.5139489741e-6 3.3585868972e-6 4.3322383536e-6 7.9377367162e-6 1.5977960171e-5 3.2236861924e-5 6.3805480235e-5 1.2333281796e-4 2.3260220448e-4 4.2793906838e-4 7.6800934258e-4 1.3445107215e-3 2.2960146560e-3 3.8247020411e-3 6.2148859033e-3 9.8510233358e-3 1.5231482884e-2 2.2972891932e-2 3.3798837734e-2 4.8506554188e-2 6.7906535174e-2 9.2733172732e-2 1.2352957876e-1 1.6051624103e-1 2.0346000776e-1 2.5156548878e-1 3.0341347986e-1 3.5696888881e-1 4.0967309452e-1 4.5862318403e-1 5.0082498225e-1 5.3349128914e-1 5.5434486654e-1 5.6188066328e-1 5.5554538232e-1 5.3580463823e-1 5.0408638506e-1 4.6261015962e-1 4.1413049681e-1 3.6163567902e-1 3.0804737131e-1 2.5596234398e-1 2.0746608908e-1 1.6403280981e-1 1.2651060110e-1 9.5177796198e-2 6.9848441826e-2 5.0002281849e-2 3.4916799871e-2 2.3784269085e-2 1.5803560272e-2 1.0243030853e-2 6.4760282075e-3 3.9938665552e-3
2.7000000000e0 3.2112341698e-3 1.9173799066e-3 1.1170323755e-3 6.3495232243e-4 3.5215284539e-4 1.9056294241e-4 1.0062236918e-4 5.1865090772e-5 2.6148741355e-5 1.3019343963e-5 6.6859255164e-6 4.1510655648e-6 4.1524871963e-6 6.6890679499e-6 1.3019924537e-5 2.6136292254e-5 5.1816982697e-5 1.0049348211e-4 1.9026907706e-4 3.5154564044e-4 6.3378348977e-4 1.1149057544e-3 1.9136914507e-3 3.2051027332e-3 5.2377922460e-3 8.3520077543e-3 1.2994807041e-2 1.9728092954e-2 2.9223799302e-2 4.2240057758e-2 5.9572869644e-2 8.1980138141e-2 1.1007907732e-1 1.4422376056e-1 1.8437610311e-1 2.2998955191e-1 2.7992850140e-1 3.3244633527e-1 3.8523992561e-1 4.3558833932e-1 4.8056964684e-1 5.1733458123e-1 5.4340262621e-1 5.5693819569e-1 5.5696428562e-1 5.4347906784e-1 5.1745610061e-1 4.8072812250e-1 4.3577369363e-1 3.8544117387e-1 3.3265264161e-1 2.8013010346e-1 2.3017845125e-1 1.8454646630e-1 1.4437202661e-1 1.1020380990e-1 8.2081690311e-2 5.9652941218e-2 4.2301222753e-2 2.9269066694e-2 1.9760543599e-2 1.3017327945e-2 8.3671259202e-3 5.2475965326e-3
2.7450000000e0 4.2418980386e-3 2.5761703797e-3 1.5269805456e-3 8.8335182992e-4 4.9873748371e-4 2.7481970211e-4 1.4780051542e-4 7.7597133027e-5 3.9810958644e-5 2.0057054541e-5 1.0147983154e-5 5.6517542564e-6 4.4313646886e-6 5.8853670129e-6 1.0724894349e-5 2.1235760166e-5 4.2085766056e-5 8.1850809087e-5 1.5554948306e-4 2.8858692151e-4 5.2259322961e-4 9.2366071115e-4 1.5933790880e-3 2.6827673512e-3 4.4086342873e-3 7.0710240098e-3 1.1069238524e-2 1.6912600063e-2 2.5220877583e-2 3.6708543459e-2 5.2147224289e-2 7.2302322838e-2 9.7843103907e-2 1.2923049484e-1 1.6659290229e-1 2.0960641211e-1 2.5740032852e-1 3.0851051840e-1 3.6090017304e-1 4.1205989053e-1 4.5918706992e-1 4.9943037229e-1 5.3017128412e-1 5.4930479440e-1 5.5547757199e-1 5.4824623744e-1 5.2813001966e-1 4.9654911117e-1 4.5565888744e-1 4.0810686869e-1 3.5675045677e-1 3.0437704859e-1 2.5346391720e-1 2.0600482149e-1 1.6341642846e-1 1.2652348835e-1 9.5610074717e-2 7.0516874042e-2 5.0762036863e-2 3.5664911502e-2 2.4456747855e-2 1.6368571563e-2 1.0692423728e-2 6.8169999411e-3
2.7900000000e0 5.5401006361e-3 3.4209257695e-3 2.0622169848e-3 1.2136315642e-3 6.9726532494e-4 3.9108043781e-4 2.1413958082e-4 1.1448164404e-4 5.9787855188e-5 3.0578604320e-5 1.5493760674e-5 8.1738428129e-6 5.3137507747e-6 5.5585970210e-6 9.0239312941e-6 1.7336868551e-5 3.4207180145e-5 6.6650177422e-5 1.2709764704e-4 2.3674475517e-4 4.3057409697e-4 7.6454158981e-4 1.3253534946e-3 2.2430452088e-3 3.7061219022e-3 5.9782864003e-3 9.4147564765e-3 1.4474941886e-2 2.1727007699e-2 3.1838919972e-2 4.5550380026e-2 6.3621057107e-2 8.6753073780e-2 1.1548986620e-1 1.5009899819e-1 1.9045242356e-1 2.3592278765e-1 2.8531712616e-1 3.3686837601e-1 3.8829964766e-1 4.3696637097e-1 4.8006852016e-1 5.1491149740e-1 5.3918285246e-1 5.5120567214e-1 5.5013013580e-1 5.3603284584e-1 5.0990780527e-1 4.7355051844e-1 4.2935398691e-1 3.8004878966e-1 3.2842637574e-1 2.7708414110e-1 2.2822352664e-1 1.8352040461e-1 1.4407331989e-1 1.1042261253e-1 8.2624266912e-2 6.0357625857e-2 4.3045845358e-2 2.9971215193e-2 2.0372799921e-2 1.3519770782e-2 8.7590874179e-3
2.8350000000e0 7.1566387709e-3 4.4914431670e-3 2.7526099986e-3 1.6473384951e-3 9.6271455206e-4 5.4939706684e-4 3.0616171608e-4 1.6661479056e-4 8.8571483257e-5 4.6052962842e-5 2.3560811397e-5 1.2175179833e-5 7.0304114455e-6 5.7958290749e-6 7.8931102518e-6 1.4294385988e-5 2.7858473028e-5 5.4275485381e-5 1.0380351809e-4 1.9409282857e-4 3.5449193373e-4 6.3229181694e-4 1.1013480645e-3 1.8733696589e-3 3.1118124746e-3 5.0477084378e-3 7.9958752172e-3 1.2368831196e-2 1.8684531713e-2 2.7563010288e-2 3.9706527329e-2 5.5858327936e-2 7.6736969647e-2 1.0294658739e-1 1.3486826119e-1 1.7254323899e-1 2.1556408513e-1 2.6299350405e-1 3.1333123141e-1 3.6454596481e-1 4.1418156136e-1 4.5953543707e-1 4.9789409959e-1 5.2679863738e-1 5.4430457922e-1 5.4919810640e-1 5.4113523762e-1 5.2068181433e-1 4.8924782979e-1 4.4892668976e-1 4.0226486015e-1 3.5199708120e-1 3.0078520387e-1 2.5099464319e-1 2.0453287811e-1 1.6276183528e-1 1.2648319364e-1 9.5985097862e-2 7.1132061560e-2 5.1477482282e-2 3.6379697780e-2 2.5106729466e-2 1.6920360856e-2 1.1135671509e-2
2.8800000000e0 9.1472819307e-3 5.8326282179e-3 3.6327286577e-3 2.2100179797e-3 1.3132585772e-3 7.6224352597e-4 4.3214130861e-4 2.3930779926e-4 1.2946402719e-4 6.8469805851e-5 3.5510247909e-5 1.8309035673e-5 9.9285922038e-6 6.7559623152e-6 7.3602645169e-6 1.2014660652e-5 2.2788339236e-5 4.4227053033e-5 8.4753810485e-5 1.5903302922e-4 2.9164423595e-4 5.2248652277e-4 9.1434897204e-4 1.5629862411e-3 2.6097727623e-3 4.2565154533e-3 6.7812484630e-3 1.0552831897e-2 1.6041031739e-2 2.3817680780e-2 3.4543830767e-2 4.8937899294e-2 6.7721079868e-2 9.1538979559e-2 1.2086256374e-1 1.5587661861e-1 1.9636924877e-1 2.4164020677e-1 2.9044775734e-1 3.4101215761e-1 3.9108810885e-1 4.3810902001e-1 4.7939395217e-1 5.1239589011e-1 5.3496015449e-1 5.4555677035e-1 5.4345202385e-1 5.2879248411e-1 5.0258812194e-1 4.6659722671e-1 4.2313134036e-1 3.7481026515e-1 3.2430313184e-1 2.7409071865e-1 2.2627738987e-1 1.8247010879e-1 1.4372955894e-1 1.1058704050e-1 8.3112446396e-2 6.1014264752e-2 4.3752195355e-2 3.0645800385e-2 2.0967374030e-2 1.4012581192e-2
2.9250000000e0 1.1572232561e-2 7.4943604704e-3 4.7419857843e-3 2.9315155131e-3 1.7706312257e-3 1.0448779566e-3 6.0242504907e-4 3.3934761065e-4 1.8677679678e-4 1.0048334610e-4 5.2925742961e-5 2.7489148648e-5 1.4512657478e-5 8.6933414761e-6 7.5165883344e-6 1.0457896232e-5 1.8810332276e-5 3.6104405613e-5 6.9200039529e-5 1.3024210504e-4 2.3977631353e-4 4.3140709054e-4 7.5841645081e-4 1.3027113015e-3 2.1862722675e-3 3.5848831514e-3 5.7432837730e-3 8.9900070235e-3 1.3749099835e-2 2.0544849363e-2 2.9994807905e-2 4.2786187088e-2 5.9631453842e-2 8.1201011782e-2 1.0803429023e-1 1.4043515716e-1 1.7836268418e-1 2.2133290243e-1 2.6835004750e-1 3.1788569790e-1 3.6792036038e-1 4.1605437511e-1 4.5968436813e-1 4.9622963802e-1 5.2338221053e-1 5.3934729236e-1 5.4303941836e-1 5.3420452040e-1 5.1344884379e-1 4.8217013872e-1 4.4240197773e-1 3.9659529089e-1 3.4736969325e-1 2.9726947189e-1 2.4855519230e-1 2.0305309681e-1 1.6207301711e-1 1.2639391340e-1 9.6306566828e-2 7.1696804574e-2 5.2150395172e-2 3.7062005434e-2 2.5734347842e-2 1.7458606813e-2
2.9700000000e0 1.4495340576e-2 9.5311599876e-3 6.1246403241e-3 3.8461942050e-3 2.3604542340e-3 1.4157007037e-3 8.2976838032e-4 4.7528380355e-4 2.6605777424e-4 1.4558239122e-4 7.7934237541e-5 4.0971438272e-5 2.1496824787e-5 1.1989835058e-5 8.5341490628e-6 9.6448574516e-6 1.5800250657e-5 2.9593588157e-5 5.6532709461e-5 1.0662724183e-4 1.9701031054e-4 3.5593353433e-4 6.2852936653e-4 1.0847187447e-3 1.8295070619e-3 3.0156037163e-3 4.8577730994e-3 7.6475595905e-3 1.1766063424e-2 1.7691398135e-2 2.5996552248e-2 3.7332917807e-2 5.2395095430e-2 7.1864065823e-2 9.6328610162e-2 1.2618887535e-1 1.6155076128e-1 2.0212452226e-1 2.4714450391e-1 2.9532809105e-1 3.4488977179e-1 3.9362034883e-1 4.3903219330e-1 4.7856037491e-1 5.0979856843e-1 5.3074019484e-1 5.3999140581e-1 5.3692453358e-1 5.2174853350e-1 4.9548543367e-1 4.5985647998e-1 4.1709560101e-1 3.6971827245e-1 3.2027892294e-1 2.7114903981e-1 2.2434178152e-1 1.8139893306e-1 1.4334475632e-1 1.1070096372e-1 8.3549415242e-2 6.1625103857e-2 4.4421563670e-2 3.1293309049e-2 2.1544179907e-2
3.0150000000e0 1.7983067058e-2 1.2001635658e-2 7.8296328810e-3 4.9930414752e-3 3.1125044424e-3 1.8965913579e-3 1.1296776308e-3 6.5773628322e-4 3.7434602369e-4 2.0828734098e-4 1.1335029137e-4 6.0454699535e-5 3.1872169218e-5 1.7197151085e-5 1.0690595751e-5 9.6687977520e-6 1.3697817915e-5 2.4458869780e-5 4.6261031882e-5 8.7289417699e-5 1.6178539708e-4 2.9345250606e-4 5.2045055970e-4 9.0235251165e-4 1.5293525578e-3 2.5337800209e-3 4.1035435555e-3 6.4964755208e-3 1.0053681839e-2 1.5209012676e-2 2.2490827494e-2 3.2511599436e-2 4.5940918092e-2 6.3458436709e-2 8.5685503308e-2 1.1309763626e-1 1.4592436091e-1 1.8404756038e-1 2.2691344032e-1 2.7347533604e-1 3.2218387610e-1 3.7103685095e-1 4.1769359828e-1 4.5964872824e-1 4.9444926240e-1 5.1992991678e-1 5.3443548147e-1 5.3699863573e-1 5.2744666182e-1 5.0642069726e-1 4.7530454349e-1 4.3607401618e-1 3.9108962683e-1 3.4286278951e-1 2.9382754635e-1 2.4614605444e-1 2.0156798970e-1 1.6135359028e-1 1.2625951179e-1 9.6577939967e-2 7.2213767087e-2 5.2782512802e-2 3.7712711201e-2 2.6339805238e-2
3.0600000000e0 2.2103203133e-2 1.4967703154e-2 9.9102320040e-3 6.4156391470e-3 4.0608965952e-3 2.5132054961e-3 1.5207443075e-3 8.9971572062e-4 5.2044937086e-4 2.9437359505e-4 1.6284534258e-4 8.8202346722e-5 4.6990096606e-5 2.5091332044e-5 1.4402570928e-5 1.0713629352e-5 1.2513195115e-5 2.0538907127e-5 3.7997769809e-5 7.1493628046e-5 1.3280769673e-4 2.4177898009e-4 4.3061062142e-4 7.4996239246e-4 1.2771434097e-3 2.1265476926e-3 3.4621310446e-3 5.5111756839e-3 8.5778267374e-3 1.3053967073e-2 1.9424057744e-2 2.8259832078e-2 4.0200486843e-2 5.5914584768e-2 7.6041535126e-2 1.0111335994e-1 1.3146132618e-1 1.6711644119e-1 2.0771695606e-1 2.5243886716e-1 2.9996590987e-1 3.4851293181e-1 3.9591060277e-1 4.3975070219e-1 4.7758103824e-1 5.0712929981e-1 5.2652793043e-1 5.3450924215e-1 5.3054246531e-1 5.1489214369e-1 4.8858894618e-1 4.5331737078e-1 4.1123734490e-1 3.6476596822e-1 3.1634996031e-1 2.6825824611e-1 2.2241819364e-1 1.8030989150e-1 1.4292258191e-1 1.1076797175e-1 8.3938175036e-2 6.2192303035e-2 4.5055236053e-2 3.1914275540e-2
3.1050000000e0 2.6923361737e-2 1.8493569529e-2 1.2423474356e-2 8.1619733291e-3 5.2441573005e-3 3.2952098124e-3 2.0249553890e-3 1.2169461223e-3 7.1523959986e-4 4.1111929594e-4 2.3114219905e-4 1.2718681922e-4 6.8664368547e-5 3.6741458939e-5 2.0269519981e-5 1.3079576684e-5 1.2339086074e-5 1.7747651702e-5 3.1449018018e-5 5.8645301743e-5 1.0900875549e-4 1.9908990908e-4 3.5600796846e-4 6.2276086392e-4 1.0654785625e-3 1.7828242008e-3 2.9174782239e-3 4.6691822246e-3 7.3081566221e-3 1.1186870854e-2 1.6747235548e-2 2.4519483990e-2 3.5108572553e-2 4.9164158303e-2 6.7331387511e-2 9.0182019938e-2 1.1812877560e-1 1.5132988465e-1 1.8959498958e-1 2.3230687862e-1 2.7837501019e-1 3.2623555863e-1 3.7390832870e-1 4.1911355422e-1 4.5944226378e-1 4.9256416423e-1 5.1644882615e-1 5.2957124076e-1 5.3107288355e-1 5.2085464763e-1 4.9958766501e-1 4.6864037329e-1 4.2993284400e-1 3.8573992260e-1 3.3847119566e-1 2.9045718394e-1 2.4376756580e-1 2.0007978070e-1 1.6060683782e-1 1.2608354914e-1 9.6802448753e-2 7.2685480785e-2 5.3375527597e-2 3.8332712115e-2
3.1500000000e0 3.2509271991e-2 2.2644491585e-2 1.5429389013e-2 1.0284064263e-2 6.7051666058e-3 4.2764332010e-3 2.6679612166e-3 1.6281763482e-3 9.7195707763e-4 5.6757351114e-4 3.2423385592e-4 1.8125756760e-4 9.9293475474e-5 5.3594576464e-5 2.9129725580e-5 1.7217754672e-5 1.3369414865e-5 1.6080504043e-5 2.6408946690e-5 4.8272451444e-5 8.9511593624e-5 1.6386838502e-4 2.9412329965e-4 5.1669876470e-4 8.8804938696e-4 1.4930837146e-3 2.4556573608e-3 3.9508028071e-3 6.2177934892e-3 9.5723912628e-3 1.4415766908e-2 2.1236756628e-2 3.0603543585e-2 4.3140808198e-2 5.9489155820e-2 8.0245415083e-2 1.0588524778e-1 1.3667321264e-1 1.7256947198e-1 2.1314593906e-1 2.5752689168e-1 3.0436902304e-1 3.5189295594e-1 3.9797233509e-1 4.4027834073e-1 4.7646811504e-1 5.0439691725e-1 5.2232769685e-1 5.2910973410e-1 5.2430083067e-1 5.0821501574e-1 4.8188861407e-1 4.4696977198e-1 4.0554781073e-1 3.5994695335e-1 3.1251264293e-1 2.6541743205e-1 2.2050790110e-1 1.7920569435e-1 1.4246639465e-1 1.1079139530e-1 8.4281552099e-2 6.2717935499e-2 4.5654485937e-2
3.1950000000e0 3.8922917312e-2 2.7485325981e-2 1.8990004564e-2 1.2837401643e-2 8.4909459497e-3 5.4949112579e-3 3.4792809463e-3 2.1554650520e-3 1.3065143214e-3 7.7483891971e-4 4.4962423457e-4 2.5533258875e-4 1.4200466600e-4 7.7578696317e-5 4.2130447745e-5 2.3775275948e-5 1.5925762315e-5 1.5626435462e-5 2.2759753048e-5 4.0013321463e-5 7.3603610310e-5 1.3485707559e-4 2.4284673720e-4 4.2835777900e-4 7.3948884373e-4 1.2491562027e-3 2.0646179347e-3 3.3388351369e-3 5.2830077499e-3 8.1789619456e-3 1.2389269710e-2 1.8362160019e-2 2.6627618702e-2 3.7780816815e-2 5.2449427008e-2 7.1242716817e-2 9.4682657025e-2 1.2312055163e-1 1.5664651179e-1 1.9500281032e-1 2.3751491408e-1 2.8305490374e-1 3.3005033739e-1 3.7654709755e-1 4.2032767969e-1 4.5907769277e-1 4.9058455525e-1 5.1294525788e-1 5.2475627158e-1 5.2525930091e-1 5.1442184652e-1 4.9294067874e-1 4.6216770624e-1 4.2396920345e-1 3.8053877008e-1 3.3419004225e-1 2.8715620693e-1 2.4141993154e-1 1.9859043844e-1 1.5983574245e-1 1.2586930779e-1 9.6983112883e-2 7.3114349444e-2 5.3931083432e-2
3.2400000000e0 4.6220568684e-2 3.3078899852e-2 2.3168147097e-2 1.5880177638e-2 1.0652274984e-2 6.9928027519e-3 4.4924246800e-3 2.8244215773e-3 1.7377857086e-3 1.0463608972e-3 6.1658670058e-4 3.5561227254e-4 2.0082022906e-4 1.1122541423e-4 6.0813995879e-5 3.3652594830e-5 2.0492929757e-5 1.6587008651e-5 2.0477283014e-5 3.3609516203e-5 6.0715836402e-5 1.1101993664e-4 2.0041618010e-4 3.5485787687e-4 6.1523968385e-4 1.0440490856e-3 1.7339583154e-3 2.8182931032e-3 4.4829159550e-3 6.9784868924e-3 1.0631339547e-2 1.5850417378e-2 2.3127003574e-2 3.3023563673e-2 4.6148156444e-2 6.3111798544e-2 8.4468048939e-2 1.1063689809e-1 1.4181855389e-1 1.7790639367e-1 2.1841145411e-1 2.6241250411e-1 3.0854521680e-1 3.5504075772e-1 3.9981827429e-1 4.4062795874e-1 4.7523279623e-1 5.0160941445e-1 5.1814328182e-1 5.2379216385e-1 5.1819484647e-1 5.0170935911e-1 4.7537507506e-1 4.4080426606e-1 4.0001884090e-1 3.5525523654e-1 3.0876354732e-1 2.6262565774e-1 2.1861198876e-1 1.7808878008e-1 1.4197927114e-1 1.1077432613e-1 8.4582206956e-2 6.3203988172e-2
3.2850000000e0 5.4450773027e-2 3.9484241138e-2 2.8026047019e-2 1.9472317708e-2 1.3243124863e-2 8.8161589720e-3 5.7449115261e-3 3.6643839906e-3 2.2878684511e-3 1.3982126977e-3 8.3643430201e-4 4.8981287499e-4 2.8084567903e-4 1.5781316353e-4 8.7221369873e-5 4.8074817165e-5 2.7765137426e-5 1.9303422120e-5 1.9642997849e-5 2.8904810699e-5 5.0408253390e-5 9.1511429589e-5 1.6536562128e-4 2.9377805281e-4 5.1143979363e-4 8.7178967583e-4 1.4547204747e-3 2.3761550840e-3 3.7991945238e-3 5.9460466418e-3 9.1092945919e-3 1.3660315501e-2 2.0051931402e-2 2.8811849871e-2 4.0523362646e-2 5.5790357778e-2 7.5185152050e-2 9.9180022855e-2 1.2806646628e-1 1.6186973672e-1 2.0026950137e-1 2.4253968352e-1 2.8752098405e-1 3.3363757637e-1 3.7896488728e-1 4.2134857903e-1 4.5856678775e-1 4.8851976020e-1 5.0942486196e-1 5.1999193476e-1 5.1955505447e-1 5.0814198511e-1 4.8647125794e-1 4.5587730278e-1 4.1817447728e-1 3.7547925240e-1 3.3001474243e-1 2.8392250468e-1 2.3910324535e-1 1.9710170513e-1 1.5904301609e-1 1.2561981561e-1 9.7122754519e-2 7.3502653713e-2
3.3300000000e0 6.3652362761e-2 4.6754716993e-2 3.3623782588e-2 2.3674317993e-2 1.6319901943e-2 1.1014530513e-2 7.2781640560e-3 4.7085148403e-3 2.9822982840e-3 1.8493643433e-3 1.1227936555e-3 6.6741528152e-4 3.8847831491e-4 2.2153140659e-4 1.2401475764e-4 6.8678618784e-5 3.8704441626e-5 2.4292866811e-5 2.0463162293e-5 2.5850060061e-5 4.2361117349e-5 7.5652697221e-5 1.3648240347e-4 2.4308890654e-4 4.2482293174e-4 7.2728663704e-4 1.2192064421e-3 2.0011343351e-3 3.2158115773e-3 5.0596120954e-3 7.7939090861e-3 1.1754515212e-2 1.7356626136e-2 2.5092102173e-2 3.5515659831e-2 4.9216845122e-2 6.6775727825e-2 8.8702199527e-2 1.1536151893e-1 1.4689204403e-1 1.8312440516e-1 2.2351400323e-1 2.6709989680e-1 3.1250221360e-1 3.5796684144e-1 4.0146044796e-1 4.4081152985e-1 4.7388537682e-1 4.9877403037e-1 5.1397798947e-1 5.1855567191e-1 5.1221992806e-1 4.9536785263e-1 4.6903959104e-1 4.3481208212e-1 3.9464282871e-1 3.5068520156e-1 3.0509941789e-1 2.5988195930e-1 2.1673137508e-1 1.7696134376e-1 1.4146403141e-1 1.1071963536e-1 8.4842643579e-2
3.3750000000e0 7.3852556130e-2 5.4936136251e-2 4.0017597390e-2 2.8545907138e-2 1.9940503168e-2 1.3640400941e-2 9.1372620109e-3 5.9937955423e-3 3.8502022174e-3 2.4219209962e-3 1.4918724004e-3 8.9992292682e-4 5.3163323419e-4 3.0766512829e-4 1.7461964564e-4 9.7616197022e-5 5.4612947406e-5 3.2295600394e-5 2.3296310973e-5 2.4514831899e-5 3.6372444489e-5 6.2914373909e-5 1.1277261161e-4 2.0109581815e-4 3.5263326549e-4 6.0620874739e-4 1.0208150616e-3 1.6834709239e-3 2.7187780910e-3 4.2997699179e-3 6.6591431595e-3 1.0099333945e-2 1.4999204699e-2 2.1814476250e-2 3.1068648217e-2 4.3331216199e-2 5.9180726142e-2 7.9151749463e-2 1.0366722817e-1 1.3296064448e-1 1.6699570733e-1 2.0539411187e-1 2.4738369561e-1 2.9177930119e-1 3.3700639132e-1 3.8117287025e-1 4.2218807586e-1 4.5792045164e-1 4.8637829989e-1 5.0589269091e-1 5.1527929594e-1 5.1395734906e-1 5.0200912480e-1 4.8017146171e-1 4.4976054614e-1 4.1254063251e-1 3.7055490268e-1 3.2594097168e-1 2.8075403428e-1 2.3681750616e-1 1.9561512188e-1 1.5823112615e-1 1.2533786743e-1 9.7224011672e-2
3.4200000000e0 8.5065218316e-2 6.4064877373e-2 4.7258137290e-2 3.4144559414e-2 2.4163192434e-2 1.6748442756e-2 1.1370541666e-2 7.5609016182e-3 4.9243703178e-3 3.1413151553e-3 1.9627082635e-3 1.2011208747e-3 7.1998231636e-4 4.2279785004e-4 2.4338657394e-4 1.3767730749e-4 7.7220279252e-5 4.4334196896e-5 2.8690196072e-5 2.5106577973e-5 3.2362026717e-5 5.2905926255e-5 9.3434020934e-5 1.6639168200e-4 2.9255229024e-4 5.0487934050e-4 8.5389754266e-4 1.4147443395e-3 2.2959188789e-3 3.6494623415e-3 5.6818750656e-3 8.6645105873e-3 1.2941532577e-2 1.8932876943e-2 2.7129181381e-2 3.8075523879e-2 5.2341256807e-2 7.0474401842e-2 9.2941048606e-2 1.2005287797e-1 1.5188900537e-1 1.8822130133e-1 2.2845454029e-1 2.7159347051e-1 3.1624763875e-1 3.6068130207e-1 4.0291021772e-1 4.4084021466e-1 4.7243533377e-1 4.9589732437e-1 5.0983469660e-1 5.1339928333e-1 5.0637168219e-1 4.8918360897e-1 4.6287399537e-1 4.2898503956e-1 3.8941267123e-1 3.4623157757e-1 3.0151715759e-1 2.5718535756e-1 2.1486683269e-1 1.7582536222e-1 1.4092326208e-1 1.1062999037e-1
3.4650000000e0 9.7289350741e-2 7.4166106246e-2 5.5388659167e-2 4.0523894525e-2 2.9045315589e-2 2.0394597897e-2 1.4029031914e-2 9.4539433968e-3 6.2412289545e-3 4.0364361373e-3 2.5573861595e-3 1.5873262306e-3 9.6520001107e-4 5.7503005073e-4 3.3577164525e-4 1.9242989527e-4 1.0878752968e-4 6.1786396403e-5 3.7429515909e-5 2.7998328492e-5 3.0382546425e-5 4.5371635143e-5 7.7836239764e-5 1.3781837811e-4 2.4263690471e-4 4.2018492465e-4 7.1363028897e-4 1.1877056853e-3 1.9366633823e-3 3.0937432365e-3 4.8416405096e-3 7.4229608889e-3 1.1149045150e-2 1.6404911636e-2 2.3647529047e-2 3.3394368591e-2 4.6199390298e-2 6.2614472494e-2 8.3135901602e-2 1.0813787274e-1 1.3779779830e-1 1.7202117063e-1 2.1037619748e-1 2.5204977056e-1 2.9583594488e-1 3.4016563493e-1 3.8318167989e-1 4.2285726211e-1 4.5714878716e-1 4.8416796590e-1 5.0235326334e-1 5.1061916478e-1 5.0846343602e-1 4.9601764022e-1 4.7403384525e-1 4.4380938915e-1 4.0706017021e-1 3.6575966687e-1 3.2196464914e-1 2.7764882053e-1 2.3456263257e-1 1.9413205104e-1 1.5740231906e-1 1.2502604446e-1
3.5100000000e0 1.1050787032e-1 8.5252148476e-2 6.4443268549e-2 4.7732006943e-2 3.4641879918e-2 2.4634992481e-2 1.7165723754e-2 1.1720060236e-2 7.8406993408e-3 5.1396801041e-3 3.3012085323e-3 2.0776183733e-3 1.2812080452e-3 7.7420840232e-4 4.5853378868e-4 2.6637910684e-4 1.5222851604e-4 8.6472841348e-5 5.0595753967e-5 3.3766022297e-5 3.0638542215e-5 4.0193537315e-5 6.5507902361e-5 1.1443637450e-4 2.0126761177e-4 3.4949662700e-4 5.9590353817e-4 9.9612823049e-4 1.6318558271e-3 2.6195515408e-3 4.1203825518e-3 6.3505301584e-3 9.5905452642e-3 1.4191791016e-2 2.0577452357e-2 2.9235224394e-2 4.0698802506e-2 5.5515868898e-2 7.4201535916e-2 9.7178192649e-2 1.2470527715e-1 1.5680534333e-1 1.9319541478e-1 2.3323441051e-1 2.7589778482e-1 3.1978899352e-1 3.6319382852e-1 4.0417831345e-1 4.4072441949e-1 4.7089139647e-1 4.9298524332e-1 5.0571590200e-1 5.0832192994e-1 5.0064589969e-1 4.8315014238e-1 4.5687064539e-1 4.2331549771e-1 3.8432172693e-1 3.4188941227e-1 2.9801381917e-1 2.5453486524e-1 2.1301900638e-1 1.7468261633e-1 1.4035933724e-1
3.5550000000e0 1.2468673204e-1 9.7321078233e-2 7.4445245793e-2 5.5809773673e-2 4.1004031703e-2 2.9524703090e-2 2.0834676242e-2 1.4408860752e-2 9.7659275713e-3 6.4869044842e-3 4.2228034550e-3 2.6940360735e-3 1.6844094965e-3 1.0321596595e-3 6.1994550739e-4 3.6514356638e-4 2.1124862593e-4 1.2076072345e-4 6.9640402576e-5 4.3236664017e-5 3.3514131584e-5 3.7401838124e-5 5.6130978091e-5 9.5502068397e-5 1.6710601708e-4 2.9060327586e-4 4.9722442870e-4 8.3467503438e-4 1.3735840259e-3 2.2155025317e-3 3.5022145673e-3 5.4257485462e-3 8.2379858519e-3 1.2258189723e-2 1.7876207239e-2 2.5548657862e-2 3.5785279135e-2 4.9122931651e-2 6.6085720697e-2 8.7131340891e-2 1.1258602955e-1 1.4257319133e-1 1.7694342145e-1 2.1521576225e-1 2.5654098680e-1 2.9969700813e-1 3.4312388663e-1 3.8500143040e-1 4.2336654446e-1 4.5626116040e-1 4.8189588752e-1 4.9881062010e-1 5.0601212910e-1 5.0307061961e-1 4.9016219914e-1 4.6805142057e-1 4.3801630640e-1 4.0172608042e-1 3.6108787036e-1 3.1808192054e-1 2.7460495533e-1 2.3233847515e-1 1.9265369583e-1 1.5655864125e-1
3.6000000000e0 1.3977443731e-1 1.1035558050e-1 8.5405520538e-2 6.4789193609e-2 4.8177472176e-2 3.5116399480e-2 2.5089968829e-2 1.7571706828e-2 1.2062875684e-2 8.1172720901e-3 5.3541549556e-3 3.4617275382e-3 2.1939011726e-3 1.3629214576e-3 8.3001244591e-4 4.9564673158e-4 2.9050081535e-4 1.6768396311e-4 9.6472686837e-5 5.7548509083e-5 3.9610510933e-5 3.7193479493e-5 4.9542464049e-5 8.0452684954e-5 1.3906100325e-4 2.4165511235e-4 4.1463322672e-4 6.9878235633e-4 1.1550259044e-3 1.8716969440e-3 2.9731979117e-3 4.6295930078e-3 7.0662448283e-3 1.0572077630e-2 1.5504489918e-2 2.2288455941e-2 3.1407095697e-2 4.3381124714e-2 5.8735275459e-2 7.7951112421e-2 1.0140763573e-1 1.2931352635e-1 1.6163750305e-1 1.9804556199e-1 2.3785529627e-1 2.8001751510e-1 3.2313363362e-1 3.6551370967e-1 4.0527486677e-1 4.4047385073e-1 4.6926161070e-1 4.9004318131e-1 5.0162376981e-1 5.0332246928e-1 4.9503854805e-1 4.7726133922e-1 4.5102237980e-1 4.1779631054e-1 3.7936377765e-1 3.3765404757e-1 2.9458659677e-1 2.5192949287e-1 2.1118842875e-1 1.7353471086e-1
3.6450000000e0 1.5570195804e-1 1.2432213573e-1 9.7321351715e-2 7.4691813807e-2 5.6200857634e-2 4.1458895552e-2 2.9984517041e-2 2.1260845123e-2 1.4779767486e-2 1.0072972567e-2 6.7305407289e-3 4.4090388946e-3 2.8316519925e-3 1.7829607594e-3 1.1006956523e-3 6.6631993372e-4 3.9575744473e-4 2.3107999085e-4 1.3356262613e-4 7.8224402623e-5 4.9794313731e-5 3.9959688911e-5 4.5743913618e-5 6.8898756838e-5 1.1626316320e-4 2.0111731066e-4 3.4563158538e-4 5.8455760832e-4 9.7031271719e-4 1.5795475910e-3 2.5211352758e-3 3.9452589986e-3 6.0528981211e-3 9.1045309367e-3 1.3426337017e-2 1.9411677749e-2 2.7515288793e-2 3.8237587968e-2 5.2096944586e-2 6.9588792850e-2 9.1132139952e-2 1.1700622743e-1 1.4728260367e-1 1.8176025437e-1 2.1991320575e-1 2.6086063413e-1 3.0336855681e-1 3.4588944633e-1 3.8664173720e-1 4.2372568813e-1 4.5526625897e-1 4.7956859209e-1 4.9526837411e-1 5.0145858443e-1 4.9777626181e-1 4.8443774394e-1 4.6221762100e-1 4.3237425131e-1 3.9653180168e-1 3.5653418772e-1 3.1428914252e-1 2.7162059672e-1 2.3014482716e-1 1.9118111768e-1
3.6900000000e0 1.7238309214e-1 1.3917056606e-1 1.1017526544e-1 8.5527297968e-2 6.5104233204e-2 4.8595646564e-2 3.5568775365e-2 2.5528396127e-2 1.7966387843e-2 1.2398812014e-2 8.3903638731e-3 5.5675267123e-3 3.6226342076e-3 2.3113693416e-3 1.4461289529e-3 8.8731239688e-4 5.3409561112e-4 3.1574249468e-4 1.8405985987e-4 1.0725922263e-4 6.5257899620e-5 4.6323434902e-5 4.4919415503e-5 6.0624401351e-5 9.8047279763e-5 1.6773267926e-4 2.8812186619e-4 4.8869068972e-4 8.1440786687e-4 1.3316228869e-3 2.1353801774e-3 3.3579440852e-3 5.1779954645e-3 7.8295307144e-3 1.1608991159e-2 1.6878643994e-2 2.4063833800e-2 3.3641566240e-2 4.6118126286e-2 6.1994205477e-2 8.1717387263e-2 1.0562378007e-1 1.3387291676e-1 1.6638242807e-1 2.0277099367e-1 2.4231916862e-1 2.8395741552e-1 3.2628875229e-1 3.6764984241e-1 4.0620944337e-1 4.4009756523e-1 4.6755339655e-1 4.8707603311e-1 4.9756016764e-1 4.9839970062e-1 4.8954576404e-1 4.7151143105e-1 4.4532248009e-1 4.1242078608e-1 3.7453299428e-1 3.3352109743e-1 2.9123281803e-1 2.4936825364e-1 2.0937553394e-1
3.7350000000e0 1.8971525161e-1 1.5483397051e-1 1.2393429602e-1 9.7292190010e-2 7.4907551683e-2 5.6563235393e-2 4.1889357542e-2 3.0425217347e-2 2.1673239684e-2 1.5141665614e-2 1.0374867587e-2 6.9718809295e-3 4.5948939203e-3 2.9700246337e-3 1.8828224835e-3 1.1707021735e-3 7.1409248639e-4 4.2758864509e-4 2.5192811348e-4 1.4722208747e-4 8.7592555446e-5 5.7187759038e-5 4.7462767135e-5 5.5595788123e-5 8.3942834823e-5 1.4049311081e-4 2.4035672205e-4 4.0837765435e-4 6.8300024672e-4 1.1215065034e-3 1.8066626278e-3 2.8546449374e-3 4.4238425392e-3 6.7237552234e-3 1.0022741447e-2 1.4652876315e-2 2.1009743197e-2 2.9544729076e-2 4.0747467431e-2 5.5116611560e-2 7.3118220654e-2 9.5132709185e-2 1.2139343230e-1 1.5192229784e-1 1.8646991874e-1 2.2446927515e-1 2.6501217234e-1 3.0685660417e-1 3.4847033115e-1 3.8811173777e-1 4.2394385799e-1 4.5417214527e-1 4.7719205922e-1 4.9172975458e-1 4.9695875985e-1 4.9257778591e-1 4.7883947426e-1 4.5652626889e-1 4.2687661741e-1 3.9147118458e-1 3.5209361547e-1 3.1058286820e-1 2.6869396761e-1 2.2798143369e-1
3.7800000000e0 2.0758066970e-1 1.7122906375e-1 1.3854956598e-1 1.0996892109e-1 8.5619328628e-2 6.5389894033e-2 4.8987610007e-2 3.5999663425e-2 2.5950568839e-2 1.8349792767e-2 1.2727724836e-2 8.6597460469e-3 5.7795475496e-3 3.7837035090e-3 2.4298422197e-3 1.5307005955e-3 9.4602594203e-4 5.7383832503e-4 3.4209448906e-4 2.0137357228e-4 1.1887539969e-4 7.3795930546e-5 5.4014672120e-5 5.3978341654e-5 7.3672716024e-5 1.1861954153e-4 2.0089832011e-4 3.4125579395e-4 5.7241106989e-4 9.4367229585e-4 1.5269307025e-3 2.4239685835e-3 3.7747921373e-3 5.7663711170e-3 8.6407468105e-3 1.2700997423e-2 1.8313098715e-2 2.5901395260e-2 3.5935336693e-2 4.8905471444e-2 6.5287537876e-2 8.5494893410e-2 1.0982141476e-1 1.3837919413e-1 1.7103752098e-1 2.0737134916e-1 2.4662824393e-1 2.8772228708e-1 3.2926136737e-1 3.6961074131e-1 4.0699107419e-1 4.3960401700e-1 4.6577360102e-1 4.8408824195e-1 4.9352670019e-1 4.9355237864e-1 4.8416384643e-1 4.6589497011e-1 4.3976463579e-1 4.0718264968e-1 3.6982390588e-1 3.2948642777e-1 2.8794993665e-1 2.4685016741e-1
3.8250000000e0 2.2584799957e-1 1.8825691977e-1 1.5395623065e-1 1.2352510170e-1 9.7235482696e-2 7.5094108089e-2 5.6898178600e-2 4.2296271881e-2 3.0847272806e-2 2.2072019404e-2 1.5494498780e-2 1.0671430693e-2 7.2106917230e-3 4.7801363739e-3 3.1089544157e-3 1.9838415962e-3 1.2420744817e-3 7.6320180609e-4 4.6061194121e-4 2.7379763309e-4 1.6177048258e-4 9.7804263392e-5 6.5510821440e-5 5.6163340172e-5 6.7160455379e-5 1.0155036785e-4 1.6858676464e-4 2.8534937166e-4 4.7951323217e-4 7.9337359563e-4 1.2892075297e-3 2.0559583500e-3 3.2170462799e-3 4.9388275805e-3 7.4388489184e-3 1.0992601579e-2 1.5937029321e-2 2.2668675471e-2 3.1634188781e-2 4.3311075967e-2 5.8177210672e-2 7.6668753769e-2 9.9127792081e-2 1.2574302775e-1 1.5648898572e-1 1.9107107680e-1 2.2888502182e-1 2.6899919504e-1 3.1016708979e-1 3.5087427487e-1 3.8942011247e-1 4.2402965734e-1 4.5298630523e-1 4.7477176974e-1 4.8819764634e-1 4.9251274041e-1 4.8747267893e-1 4.7336283102e-1 4.5097154641e-1 4.2151720342e-1 3.8653845886e-1 3.4776144733e-1 3.0695983393e-1 2.6582335418e-1
3.8700000000e0 2.4437426392e-1 2.0580410789e-1 1.7007380062e-1 1.3791313220e-1 1.0973840587e-1 8.5683351802e-2 6.5647611631e-2 4.9354408115e-2 3.6409715319e-2 2.6356797580e-2 1.8721974158e-2 1.3049498613e-2 8.9252155742e-3 5.9899891848e-3 3.9447232763e-3 2.5491461924e-3 1.6165092760e-3 1.0060711599e-3 6.1483235923e-4 3.6954726301e-4 2.1964415719e-4 1.3136823506e-4 8.3241680047e-5 6.2804644858e-5 6.4546474226e-5 8.8938442259e-5 1.4251746167e-4 2.3902540092e-4 4.0166236114e-4 6.6654597699e-4 1.0874630643e-3 1.7419345490e-3 2.7384705888e-3 4.2246565455e-3 6.3953801600e-3 9.5001036243e-3 1.3847645823e-2 1.9806545673e-2 2.7798832597e-2 3.8285058797e-2 5.1738871853e-2 6.8610313612e-2 8.9278441894e-2 1.1399570303e-1 1.4282853232e-1 1.7560060633e-1 2.1184661463e-1 2.5078494532e-1 2.9131695043e-1 3.3205831160e-1 3.7140454948e-1 4.0762828526e-1 4.3900110030e-1 4.6392854581e-1 4.8108384236e-1 4.8952473891e-1 4.8877922502e-1 4.7888924879e-1 4.6040680677e-1 4.3434291296e-1 4.0207601096e-1 3.6523137163e-1 3.2554613811e-1 2.8473552536e-1
3.9150000000e0 2.6300710427e-1 2.2374419624e-1 1.8680684350e-1 1.5307015505e-1 1.2309630209e-1 9.7152998950e-2 7.5253043754e-2 5.7206907272e-2 4.2680473873e-2 3.1251157971e-2 2.2457364594e-2 1.5838237722e-2 1.0962506607e-2 7.4467618964e-3 4.9645500458e-3 3.2482516096e-3 2.0858699714e-3 1.3147095280e-3 8.1358664969e-4 4.9480211076e-4 2.9669425892e-4 1.7724224113e-4 1.0892468212e-4 7.4866310195e-5 6.6213914111e-5 8.0656925815e-5 1.2202734212e-4 2.0095903152e-4 3.3663883364e-4 5.5972265535e-4 9.1649994029e-4 1.4743497151e-3 2.3284217100e-3 3.6092813398e-3 5.4909711783e-3 8.1985735266e-3 1.2013941654e-2 1.7277862866e-2 2.4386615808e-2 3.3780801038e-2 4.5924577735e-2 6.1274130460e-2 8.0235365548e-2 1.0311245868e-1 1.3005079498e-1 1.6097979690e-1 1.9556276480e-1 2.3316176211e-1 2.7282539795e-1 3.1330586232e-1 3.5310872938e-1 3.9057510531e-1 4.2399116406e-1 4.5171569297e-1 4.7231274979e-1 4.8467462478e-1 4.8812048674e-1 4.8245849327e-1 4.6800348148e-1 4.4554796889e-1 4.1629018160e-1 3.8172820370e-1 3.4353325176e-1 3.0341694709e-1
3.9600000000e0 2.8158726924e-1 2.4193958549e-1 2.0404605376e-1 1.6891836152e-1 1.3726282510e-1 1.0948545099e-1 8.5721004819e-2 6.5878753220e-2 4.9697051928e-2 3.6799576184e-2 2.6747405894e-2 1.9083007969e-2 1.3364044102e-2 9.1865933383e-3 6.1986420525e-3 4.1054940687e-3 2.6691149983e-3 1.7034312505e-3 1.0673671376e-3 6.5703539717e-4 3.9809197511e-4 2.3889290413e-4 1.4478932896e-4 9.3681775715e-5 7.2824693208e-5 7.6814403577e-5 1.0669002329e-4 1.7010827276e-4 2.8260018454e-4 4.6996175456e-4 7.7185266652e-4 1.2466580057e-3 1.9775881883e-3 3.0798354741e-3 4.7083615033e-3 7.0655623194e-3 1.0407668172e-2 1.5048333770e-2 2.1357537726e-2 2.9753739707e-2 4.0687354843e-2 5.4614103168e-2 7.1957745157e-2 9.3063120672e-2 1.1814216852e-1 1.4721750737e-1 1.8006989564e-1 2.1619708480e-1 2.5479186828e-1 2.9474622243e-1 3.3468622573e-1 3.7303905027e-1 4.0812912625e-1 4.3829618958e-1 4.6202407073e-1 4.7806649847e-1 4.8555544819e-1 4.8407893823e-1 4.7371857252e-1 4.5504206896e-1 4.2905172559e-1 3.9709533391e-1 3.6075055556e-1 3.2169654482e-1
4.0050000000e0 2.9995127485e-1 2.6024362551e-1 2.2166966761e-1 1.8536565403e-1 1.5217703715e-1 1.2264951812e-1 9.7046395756e-2 7.5385836072e-2 5.7490591040e-2 4.3042778640e-2 3.1637350447e-2 2.2829473270e-2 1.6172877453e-2 1.1247964633e-2 7.6799011560e-3 5.1479341992e-3 3.3877364166e-3 2.1887648421e-3 1.3885065251e-3 8.6518649731e-4 5.3013452420e-4 3.2062532725e-4 1.9367537507e-4 1.2102521089e-4 8.5366432357e-5 7.7779762073e-5 9.6320132127e-5 1.4569794527e-4 2.3804348051e-4 3.9478478513e-4 6.4969944760e-4 1.0531982611e-3 1.6778448845e-3 2.6249927317e-3 4.0322160463e-3 6.0809242518e-3 9.0031916749e-3 1.3086445935e-2 1.8674301680e-2 2.6161591612e-2 3.5981640788e-2 4.8584160064e-2 6.4402882205e-2 8.3813256476e-2 1.0708209751e-1 1.3431289274e-1 1.6539224827e-1 1.9994435695e-1 2.3730104204e-1 2.7649455116e-1 3.1627866543e-1 3.5518086785e-1 3.9158454430e-1 4.2383596465e-1 4.5036677173e-1 4.6981961070e-1 4.8116298711e-1 4.8378185216e-1 4.7753284764e-1 4.6275730535e-1 4.4025036060e-1 4.1119006919e-1 3.7703532079e-1 3.3940485158e-1
4.0500000000e0 3.1793416583e-1 2.7850295956e-1 2.3954518902e-1 2.0230665417e-1 1.6776370034e-1 1.3660008171e-1 1.0921166987e-1 8.5733829299e-2 6.6084620560e-2 5.0016517897e-2 3.7169882706e-2 2.7122727410e-2 1.9432990650e-2 1.3671295962e-2 9.4437225235e-3 6.4053144658e-3 4.2658289709e-3 2.7895899670e-3 1.7913466224e-3 1.1298345512e-3 7.0040591353e-4 4.2772104899e-4 2.5914387588e-4 1.5919536913e-4 1.0521083338e-4 8.4217376147e-5 9.0987130644e-5 1.2721290370e-4 2.0177738394e-4 3.3212579603e-4 5.4678596620e-4 8.8909016199e-4 1.4221208019e-3 2.2348092869e-3 3.4489495359e-3 5.2266390759e-3 7.7773382539e-3 1.1363369667e-2 1.6302317132e-2 2.2964503779e-2 3.1763629666e-2 4.3138835326e-2 5.7527019285e-2 7.5325223671e-2 9.6844291694e-2 1.2225668074e-1 1.5154307214e-1 1.8444395462e-1 2.2042332803e-1 2.5865175017e-1 2.9801489645e-1 3.3715155397e-1 3.7452167951e-1 4.0850119757e-1 4.3749617641e-1 4.6006557319e-1 4.7503953858e-1 4.8161980852e-1 4.7945020188e-1 4.6864856013e-1 4.4979614324e-1 4.2388580965e-1 3.9223540971e-1 3.5637690349e-1
4.0950000000e0 3.3537230537e-1 2.9656003379e-1 2.5753138343e-1 2.1962403515e-1 1.8393390196e-1 1.5127805828e-1 1.2218625257e-1 9.6917225545e-2 7.5493883534e-2 5.7750350534e-2 4.3383980183e-2 3.2006328569e-2 2.3188558359e-2 1.6498434694e-2 1.1527696703e-2 7.9099389231e-3 5.3301030577e-3 3.5272389833e-3 2.2923891521e-3 1.4633674702e-3 9.1794213359e-4 5.6658572406e-4 3.4560035514e-4 2.1111199745e-4 1.3418395545e-4 9.7133145663e-5 9.1039064837e-5 1.1440070355e-4 1.7290378034e-4 2.8029079449e-4 4.6036054017e-4 7.5014290165e-4 1.2042800343e-3 1.9005782379e-3 2.9465604110e-3 4.4866375952e-3 6.7092316199e-3 9.8528380970e-3 1.4209660888e-2 2.0125141063e-2 2.7991532501e-2 3.8233742053e-2 5.1286048879e-2 6.7559109991e-2 8.7397855635e-2 1.1103240639e-1 1.3852583717e-1 1.6972421522e-1 2.0421553210e-1 2.4130460535e-1 2.8001047499e-1 3.1909112657e-1 3.5709758924e-1 3.9245586140e-1 4.2357118590e-1 4.4894555133e-1 4.6729658500e-1 4.7766478016e-1 4.7949659766e-1 4.7269342732e-1 4.5762038196e-1 4.3507383261e-1 4.0621170235e-1 3.7245500991e-1
4.1400000000e0 3.5210612215e-1 3.1425570661e-1 2.7548048789e-1 2.3719014772e-1 2.0058600469e-1 1.6661067613e-1 1.3592622608e-1 1.0891856675e-1 8.5723277030e-2 6.6266452779e-2 5.0313748110e-2 3.7521261526e-2 2.7483103350e-2 1.9772036530e-2 1.3971210539e-2 9.6964670674e-3 6.6098317744e-3 4.4255533474e-3 2.9104201974e-3 1.8801397718e-3 1.1933962112e-3 7.4490375003e-4 4.5842873709e-4 2.8042444162e-4 1.7464861491e-4 1.1793185151e-4 9.7136695047e-5 1.0728398984e-4 1.5080897862e-4 2.3792716288e-4 3.8812016790e-4 6.3277582073e-4 1.0190154498e-3 1.6146966732e-3 2.5144752187e-3 3.8466329066e-3 5.7801281399e-3 8.5310117243e-3 1.2367005760e-2 1.7608720818e-2 2.4625763109e-2 3.3825951150e-2 4.5636114857e-2 6.0473564498e-2 7.8708324126e-2 1.0061758646e-1 1.2633544009e-1 1.5580253186e-1 1.8872167239e-1 2.2452615442e-1 2.6236744316e-1 3.0112772558e-1 3.3946054140e-1 3.7585953812e-1 4.0875167621e-1 4.3660750359e-1 4.5805804412e-1 4.7200598609e-1 4.7771863708e-1 4.7489169175e-1 4.6367608872e-1 4.4466465746e-1 4.1884019946e-1 3.8749133215e-1
4.1850000000e0 3.6798274673e-1 3.3143189053e-1 2.9324058033e-1 2.5486889955e-1 2.1760690229e-1 1.8251206574e-1 1.5037429769e-1 1.2170789929e-1 9.6766943286e-2 7.5578509969e-2 5.7987258872e-2 4.3704850713e-2 3.2358569412e-2 2.3534845204e-2 1.6814945507e-2 1.1801615531e-2 8.1367231628e-3 5.5108852710e-3 3.6665993675e-3 2.3966118545e-3 1.5391976255e-3 9.7179620294e-4 6.0413399092e-4 3.7163158546e-4 2.2959882548e-4 1.4848615658e-4 1.1029844845e-4 1.0618295466e-4 1.3516461206e-4 2.0400293400e-4 3.2816708613e-4 5.3395049959e-4 8.6175468038e-4 1.3705452071e-3 2.1434041867e-3 3.2939591813e-3 4.9732525381e-3 7.3763327950e-3 1.0747524066e-2 1.5383003754e-2 2.1629059370e-2 2.9874285526e-2 4.0534113751e-2 5.4026522216e-2 7.0738598742e-2 9.0984820476e-2 1.1495938230e-1 1.4268648192e-1 1.7397390415e-1 2.0837624306e-1 2.4517436497e-1 2.8337701906e-1 3.2174874814e-1 3.5886552388e-1 3.9319611183e-1 4.2320352462e-1 4.4745762260e-1 4.6474755903e-1 4.7418182528e-1 4.7526440493e-1 4.6793798408e-1 4.5258897826e-1 4.3001376257e-1 4.0135021259e-1
4.2300000000e0 3.8285847523e-1 3.4793416013e-1 3.1065804736e-1 2.7251784059e-1 2.3487355240e-1 1.9888415597e-1 1.6546006213e-1 1.3524247870e-1 1.0860754477e-1 8.5690715492e-2 6.6425429165e-2 5.0589650685e-2 3.7854327945e-2 2.7828880345e-2 2.0100275449e-2 1.4263763818e-2 9.9447101893e-3 6.8120355277e-3 4.5845045619e-3 3.0314626862e-3 1.9696997390e-3 1.2579775748e-3 7.9049067154e-4 4.9021167246e-4 3.0276579611e-4 1.9121735441e-4 1.3195655487e-4 1.1174823580e-4 1.2593845920e-4 1.7779590757e-4 2.7897558147e-4 4.5111388302e-4 7.2857798064e-4 1.1623797825e-3 1.8252083487e-3 2.8174193401e-3 4.2736370142e-3 6.3693740466e-3 9.3267724323e-3 1.3418249228e-2 1.8966549384e-2 2.6339539132e-2 3.5938103698e-2 4.8175826397e-2 6.3449783725e-2 8.2102808630e-2 1.0437890037e-1 1.3037496260e-1 1.5999352052e-1 1.9290223290e-1 2.2850658686e-1 2.6594189025e-1 3.0408940862e-1 3.4161923299e-1 3.7705940492e-1 4.0888734012e-1 4.3563619674e-1 4.5600610079e-1 4.6896858741e-1 4.7385260588e-1 4.7040208174e-1 4.5879816368e-1 4.3964346473e-1 4.1391020615e-1
4.2750000000e0 3.9660100523e-1 3.6361426263e-1 3.2758008784e-1 2.8999040190e-1 2.5225474936e-1 2.1561785823e-1 1.8110055918e-1 1.4946674153e-1 1.2121575171e-1 9.6596913072e-2 7.5640968602e-2 5.8202343209e-2 4.4006140214e-2 3.2694547096e-2 2.3868569349e-2 1.7122463141e-2 1.2069652900e-2 8.3601192553e-3 5.6901233664e-3 3.8056674626e-3 2.5013081626e-3 1.6159059603e-3 1.0266937384e-3 6.4275989320e-4 3.9873451792e-4 2.4918766153e-4 1.6402457784e-4 1.2500460190e-4 1.2341546125e-4 1.5889269533e-4 2.3936891220e-4 3.8215210042e-4 6.1614754714e-4 9.8523547131e-4 1.5527783779e-3 2.4071425743e-3 3.6679659341e-3 5.4926855431e-3 8.0825634519e-3 1.1687142350e-2 1.6605771310e-2 2.3184630186e-2 3.1807629515e-2 4.2879754103e-2 5.6801921974e-2 7.3937280444e-2 9.4570035134e-2 1.1885931051e-1 1.4679199865e-1 1.7813982669e-1 2.1242668824e-1 2.4891237724e-1 2.8659804411e-1 3.2425690076e-1 3.6049103983e-1 3.9381199284e-1 4.2273927534e-1 4.4590818892e-1 4.6217610250e-1 4.7071574056e-1 4.7108488783e-1 4.6326433564e-1 4.4765953765e-1 4.2506577622e-1
4.3200000000e0 4.0909139800e-1 3.7833247276e-1 3.4385719052e-1 3.0713823121e-1 2.6961309364e-1 2.3259451238e-1 1.9720111934e-1 1.6431255386e-1 1.3454996504e-1 1.0827991325e-1 8.5637433046e-2 6.6562671898e-2 5.0845100315e-2 3.8169684890e-2 2.8160408525e-2 2.0417850626e-2 1.4548949532e-2 1.0188352997e-2 7.0117826539e-3 4.7425316715e-3 3.1525824144e-3 2.0599205663e-3 1.3235072254e-3 8.3713090064e-4 5.2306940450e-4 3.2620345939e-4 2.0897632841e-4 1.4740568237e-4 1.2822922711e-4 1.4719786015e-4 2.0850630271e-4 3.2535474309e-4 5.2164794102e-4 8.3484196051e-4 1.3199251211e-3 2.0544523402e-3 3.1444277381e-3 4.7306426489e-3 6.9948289419e-3 1.0164699434e-2 1.4516654978e-2 2.0374697549e-2 2.8103972574e-2 3.8097451820e-2 5.0754633922e-2 6.6451830982e-2 8.5504628190e-2 1.0812438606e-1 1.3437206455e-1 1.6411397827e-1 1.9698508817e-1 2.3236583465e-1 2.6937810419e-1 3.0690457834e-1 3.4363347398e-1 3.7812774947e-1 4.0891459138e-1 4.3458789347e-1 4.5391401660e-1 4.6592983709e-1 4.7002225798e-1 4.6598004886e-1 4.5401191273e-1 4.3472862879e-1
4.3650000000e0 4.2022573041e-1 3.9195973974e-1 3.5934552626e-1 3.2381356723e-1 2.8680710873e-1 2.4968756045e-1 2.1365648119e-1 1.7969973820e-1 1.4855629098e-1 1.2071101063e-1 9.6408414239e-2 7.5682445907e-2 5.8396586339e-2 4.4288576202e-2 3.3014731349e-2 2.4189974564e-2 1.7421056069e-2 1.2331758048e-2 8.5800089112e-3 5.8676731964e-3 3.9443028900e-3 2.6063597615e-3 1.6934055566e-3 1.0825826641e-3 6.8244681745e-4 4.2692842096e-4 2.6993584614e-4 1.8089984708e-4 1.4140428109e-4 1.4295336031e-4 1.8588006306e-4 2.7938945727e-4 4.4273732586e-4 7.0755042035e-4 1.1212817250e-3 1.7517452068e-3 2.6925752891e-3 4.0692975793e-3 6.0454787778e-3 8.8281574942e-3 1.2671472589e-2 1.7877148719e-2 2.4790334130e-2 3.3789288519e-2 4.5267663676e-2 5.9608664019e-2 7.7151238764e-2 9.8149607541e-2 1.2272875338e-1 1.5083985799e-1 1.8222077520e-1 2.1636728574e-1 2.5252081892e-1 2.8967740629e-1 3.2662081816e-1 3.6198024987e-1 3.9430986169e-1 4.2218435617e-1 4.4430209520e-1 4.5958549521e-1 4.6726796086e-1 4.6695760244e-1 4.5867036487e-1 4.4282866960e-1
4.4100000000e0 4.2991641036e-1 4.0437958245e-1 3.7390919980e-1 3.3987159505e-1 3.0369345340e-1 2.6676440778e-1 2.3035215630e-1 1.9553687172e-1 1.6316877645e-1 1.3384972331e-1 1.0793689450e-1 8.5564643795e-2 6.6679248714e-2 5.1080938934e-2 3.8467922095e-2 2.8478039860e-2 2.0724916735e-2 1.4826777411e-2 1.0427313170e-2 7.2089446587e-3 4.8994951031e-3 3.2736523985e-3 2.1507016025e-3 1.3899173224e-3 8.8479162898e-4 5.5700491454e-4 3.5077775161e-4 2.2800711554e-4 1.6440921469e-4 1.4676851371e-4 1.7132295090e-4 2.4328680187e-4 3.7750930990e-4 6.0027147391e-4 9.5221717953e-4 1.4923807430e-3 2.3031955335e-3 3.4962364457e-3 5.2182586051e-3 7.6568526825e-3 1.1044765038e-2 1.5661667279e-2 2.1831960535e-2 2.9917133966e-2 4.0301337971e-2 5.3369243597e-2 6.9475976274e-2 8.8909923108e-2 1.1185044597e-1 1.3832384716e-1 1.6816212986e-1 2.0096993351e-1 2.3610526962e-1 2.7267914875e-1 3.0957779185e-1 3.4550891141e-1 3.7907074473e-1 4.0883947797e-1 4.3346787036e-1 4.5178574837e-1 4.6289200049e-1 4.6622802187e-1 4.6162427742e-1 4.4931458013e-1
4.4550000000e0 4.3809314001e-1 4.1548969758e-1 3.8742231187e-1 3.5517272674e-1 3.2012917491e-1 2.8368842630e-1 2.4716601049e-1 2.1172234123e-1 1.7830990685e-1 1.4764376967e-1 1.2019479128e-1 9.6202647042e-2 7.5704065279e-2 5.8570928310e-2 4.4552863652e-2 3.3319586302e-2 2.4499311097e-2 1.7710806199e-2 1.2587896183e-2 8.7962891375e-3 6.0434033887e-3 4.0823748661e-3 2.7116549836e-3 1.7716139824e-3 1.1394142704e-3 7.2318147648e-4 4.5623682004e-4 2.9190667766e-4 1.9922074702e-4 1.5966065247e-4 1.6502592641e-4 2.1643539415e-4 3.2446526134e-4 5.1042403637e-4 8.0876108310e-4 1.2705825036e-3 1.9681890742e-3 3.0004432743e-3 4.4986091235e-3 6.6320918668e-3 9.6132496399e-3 1.3700187003e-2 1.9196218377e-2 2.6444570222e-2 3.5816944348e-2 4.7694857119e-2 6.2443246787e-2 8.0376712234e-2 1.0171986551e-1 1.2656453868e-1 1.5482781114e-1 1.8621579991e-1 2.2019864942e-1 2.5600196650e-1 2.9261894376e-1 3.2884559378e-1 3.6333901899e-1 3.9469575298e-1 4.2154433296e-1 4.4264385446e-1 4.5697875145e-1 4.6383975561e-1 4.6288205581e-1 4.5415401875e-1
4.5000000000e0 4.4470352121e-1 4.2520325469e-1 3.9977078965e-1 3.6958475560e-1 3.3597394958e-1 3.0032105131e-1 2.6397002394e-1 2.2814563255e-1 1.9389135999e-1 1.6202929114e-1 1.3314271157e-1 1.0757963006e-1 8.5473492145e-2 6.6776175478e-2 5.1297976465e-2 3.8749615474e-2 2.8782126718e-2 2.1021638184e-2 1.5097271588e-2 1.0661523728e-2 7.4034068500e-3 5.0552663189e-3 3.3945537129e-3 2.2419477744e-3 1.4571440204e-3 9.3344350381e-4 5.9202510774e-4 3.7653423800e-4 2.4839847396e-4 1.8310653852e-4 1.6756644466e-4 1.9858741834e-4 2.8249703821e-4 4.3589484873e-4 6.8753943468e-4 1.0813500781e-3 1.6804600379e-3 2.5721721076e-3 3.8735291145e-3 5.7370208622e-3 8.3557142820e-3 1.1966839107e-2 1.6852627136e-2 2.3337044167e-2 3.1777035465e-2 4.2547094420e-2 5.6016413563e-2 7.2518611051e-2 9.2315022207e-2 1.1555372427e-1 1.4222768153e-1 1.7213646404e-1 2.0485668454e-1 2.3972640443e-1 2.7584812241e-1 3.1211352268e-1 3.4725099647e-1 3.7989427966e-1 4.0866771441e-1 4.3228106799e-1 4.4962496121e-1 4.5985713424e-1 4.6247022418e-1 4.5733346254e-1
4.5450000000e0 4.4971330711e-1 4.3344986219e-1 4.1085395141e-1 3.8298483722e-1 3.5109225829e-1 3.1652392137e-1 2.8063218828e-1 2.4468882536e-1 2.0981500271e-1 1.7693132262e-1 1.4672993032e-1 1.1966812988e-1 9.5980737933e-2 7.5706890519e-2 5.8726268054e-2 4.4799685059e-2 3.3609569477e-2 2.4796834134e-2 1.7991807246e-2 1.2838047088e-2 9.0088712539e-3 6.2171948030e-3 4.2197620505e-3 2.8170889550e-3 1.8504536329e-3 1.1971436621e-3 7.6495439256e-4 4.8668795820e-4 3.1516979403e-4 2.1910445122e-4 1.7994737657e-4 1.8987459317e-4 2.5088013362e-4 3.7500859140e-4 5.8572128502e-4 9.2038212410e-4 1.4338164635e-3 2.2028280036e-3 3.3314439310e-3 4.9564922418e-3 7.2529023710e-3 1.0437878454e-2 1.4772856344e-2 2.0561968681e-2 2.8145666752e-2 3.7888248210e-2 5.0158373670e-2 6.5302258505e-2 8.3610096182e-2 1.0527735200e-1 1.3036374786e-1 1.5875387202e-1 1.9012418740e-1 2.2392156709e-1 2.5935817787e-1 2.9542646509e-1 3.3093617846e-1 3.6457297213e-1 3.9497539527e-1 4.2082444180e-1 4.4093767228e-1 4.5435864202e-1 4.6043224489e-1 4.5885771367e-1
4.5900000000e0 4.5310631303e-1 4.4017619713e-1 4.2058578000e-1 3.9526125735e-1 3.6535544812e-1 3.3216101082e-1 2.9701849533e-1 2.6122825898e-1 2.2597410962e-1 1.9226450484e-1 1.6089460125e-1 1.3242981414e-1 1.0720918646e-1 8.5365057084e-2 6.6854418679e-2 5.1496991646e-2 3.9015326661e-2 2.9073020619e-2 2.1308187567e-2 1.5360469122e-2 1.0890931868e-2 7.5950675921e-3 5.2097274781e-3 3.5151754891e-3 2.3335698288e-3 1.5251278601e-3 9.8306108814e-4 6.2814127770e-4 4.0352413996e-4 2.7024663550e-4 2.0364654530e-4 1.9083467789e-4 2.2927727503e-4 3.2650851867e-4 5.0097611373e-4 7.8401028164e-4 1.2228813216e-3 1.8848575074e-3 2.8620807853e-3 4.2769351289e-3 6.2873922635e-3 9.0915938257e-3 1.2930693680e-2 1.8088779709e-2 2.4888574663e-2 3.3681641953e-2 4.4832054047e-2 5.8692962440e-2 7.5576252384e-2 9.5716441062e-2 1.1923109840e-1 1.4608119375e-1 1.7603571413e-1 2.0864545583e-1 2.4323087299e-1 2.7888814393e-1 3.1451615448e-1 3.4886498768e-1 3.8060397153e-1 4.0840470116e-1 4.3103211398e-1 4.4743505129e-1 4.5682710478e-1 4.5874910117e-1
4.6350000000e0 4.5488400720e-1 4.4534630127e-1 4.2889588843e-1 4.0631495373e-1 3.7864363619e-1 3.4710070610e-1 3.1299497055e-1 2.7763633010e-1 2.4225477725e-1 2.0793402636e-1 1.7556420132e-1 1.4581546083e-1 1.1913198958e-1 9.5743744455e-2 7.5691929134e-2 5.8863465000e-2 4.5029700612e-2 3.3885130958e-2 2.5082802433e-2 1.8264163263e-2 1.3082203842e-2 9.2176799628e-3 6.3889400019e-3 4.3563523817e-3 2.9225637156e-3 1.9298520442e-3 1.2557301792e-3 8.0776035336e-4 5.1831522488e-4 3.3980151261e-4 2.4067670253e-4 2.0244853563e-4 2.1775252480e-4 2.8954759878e-4 4.3144184137e-4 6.6914387006e-4 1.0430142040e-3 1.6116489900e-3 2.4563518571e-3 3.6862289095e-3 5.4434743137e-3 7.9082067381e-3 1.1301989758e-2 1.5888956009e-2 2.1973302648e-2 2.9891891639e-2 4.0000831442e-2 5.2655286484e-2 6.8182383150e-2 8.6847943563e-2 1.0881881966e-1 1.3412370426e-1 1.6261630021e-1 1.9394544048e-1 2.2753698047e-1 2.6259187578e-1 2.9810373954e-1 3.3289737927e-1 3.6568750212e-1 3.9515422685e-1 4.2002961005e-1 4.3918746930e-1 4.5172771435e-1 4.5704641389e-1
4.6800000000e0 4.5506480879e-1 4.4894155383e-1 4.3573016987e-1 4.1606076672e-1 3.9084741707e-1 3.6121777974e-1 3.2842970412e-1 2.9378338032e-1 2.5853750159e-1 2.2383677627e-1 1.9065620419e-1 1.5976515747e-1 1.3171184756e-1 1.0682656052e-1 8.5240356179e-2 6.6914897830e-2 5.1678732901e-2 3.9265602690e-2 2.9351071164e-2 2.1584744274e-2 1.5616418655e-2 1.1115497883e-2 7.7838375925e-3 5.3627710981e-3 3.6354148952e-3 2.4254845471e-3 1.5938141311e-3 1.0336232932e-3 6.6536954098e-4 4.3180470819e-4 2.9365554914e-4 2.2618766303e-4 2.1679590329e-4 2.6369016802e-4 3.7570342398e-4 5.7322528385e-4 8.9024367954e-4 1.3774431115e-3 2.1062459845e-3 3.1735824176e-3 4.7070281433e-3 6.8697626547e-3 9.8645847936e-3 1.3936007845e-2 1.9369281737e-2 2.6485108075e-2 3.5628881430e-2 4.7153560115e-2 6.1395776629e-2 7.8645545994e-2 9.9110879380e-2 1.2287967021e-1 1.4988225042e-1 1.7985883959e-1 2.1233654128e-1 2.4662041273e-1 2.8180233981e-1 3.1678997601e-1 3.5035595458e-1 3.8120517791e-1 4.0805554292e-1 4.2972534447e-1 4.4521916657e-1 4.5380360506e-1
4.7250000000e0 4.5368312586e-1 4.5096033890e-1 4.4105113255e-1 4.2442840216e-1 4.0186934234e-1 3.7439522025e-1 3.4319483349e-1 3.0953962972e-1 2.7469888281e-1 2.3986268287e-1 2.0607897106e-1 1.7420872133e-1 1.4490098975e-1 1.1858726593e-1 9.5492659795e-2 7.5660135460e-2 5.8983340672e-2 4.5243548467e-2 3.4146712707e-2 2.5357477124e-2 1.8527987305e-2 1.3320371631e-2 9.4226524721e-3 6.5585427366e-3 4.4920429025e-3 3.0279883169e-3 2.0097421793e-3 1.3151377895e-3 8.5159883837e-4 5.5115755001e-4 3.6588512474e-4 2.6407193199e-4 2.2735848713e-4 2.4892410406e-4 3.3278200474e-4 4.9419602666e-4 7.6121029222e-4 1.1772535705e-3 1.8047295009e-3 2.7294198099e-3 4.0654022773e-3 5.9600178944e-3 8.5982216743e-3 1.2205440352e-2 1.7047872263e-2 2.3429046338e-2 3.1681462233e-2 4.2152315381e-2 5.5182710878e-2 7.1080405273e-2 9.0086964829e-2 1.1234122487e-1 1.3784196130e-1 1.6641358459e-1 1.9767925938e-1 2.3104596698e-1 2.6570553330e-1 3.0065448870e-1 3.3473385934e-1 3.6668777780e-1 3.9523741096e-1 4.1916447587e-1 4.3739690191e-1 4.4908831077e-1
4.7700000000e0 4.5078816975e-1 4.5141743178e-1 4.4483792794e-1 4.3136309752e-1 4.1162514770e-1 3.8652588133e-1 3.5716843418e-1 3.2477711229e-1 2.9061341788e-1 2.5589620860e-1 2.2173284154e-1 1.8906633622e-1 1.5864136271e-1 1.3098956587e-1 1.0643268423e-1 8.5100349328e-2 6.6958487774e-2 5.1843919257e-2 3.9500975792e-2 2.9616625118e-2 2.1851493264e-2 1.5865179178e-2 1.1335194158e-2 7.9696392225e-3 5.5142997190e-3 3.7551771016e-3 2.5176149366e-3 1.6631532076e-3 1.0851137819e-3 7.0373123863e-4 4.6143955500e-4 3.1873707121e-4 2.5089782103e-4 2.4568348747e-4 3.0213460763e-4 4.3047334311e-4 6.5312017217e-4 1.0067982364e-3 1.5456566207e-3 2.3452740796e-3 3.5072978953e-3 5.1643250221e-3 7.4844494402e-3 1.0674696735e-2 1.4982372806e-2 2.0693208880e-2 2.8125139334e-2 3.7616654680e-2 4.9508975065e-2 6.4121816526e-2 8.1723268269e-2 1.0249521767e-1 1.2649675696e-1 1.5362894461e-1 1.8360500855e-1 2.1593039587e-1 2.4989684862e-1 2.8459383331e-1 3.1893917727e-1 3.5172878196e-1 3.8170300833e-1 4.0762506582e-1 4.2836482382e-1 4.4298022593e-1
4.8150000000e0 4.4644258519e-1 4.5034313381e-1 4.4708608784e-1 4.3682599071e-1 4.2004471069e-1 3.9751391990e-1 3.7023627919e-1 3.3937156997e-1 3.0615534027e-1 2.7181796756e-1 2.3751140164e-1 2.0424939544e-1 1.7286502748e-1 1.4398709127e-1 1.1803479192e-1 9.5228417006e-2 7.5612413623e-2 5.9086680262e-2 4.5441845095e-2 3.4394748023e-2 2.5621120661e-2 1.8783400224e-2 1.3552566656e-2 9.6237376713e-3 6.7259174529e-3 4.6267395813e-3 3.1332789013e-3 2.0900626883e-3 1.3753354526e-3 8.9647441377e-4 5.8525976027e-4 3.9351114250e-4 2.8943331717e-4 2.5488164483e-4 2.8366434239e-4 3.8093742001e-4 5.6370923613e-4 8.6244072147e-4 1.3236896598e-3 2.0136889312e-3 3.0226581056e-3 4.4695190505e-3 6.5065205888e-3 9.3230858878e-3 1.3148001987e-2 1.8248908498e-2 2.4927957029e-2 3.3512554554e-2 4.4340320383e-2 5.7737811536e-2 7.3993213787e-2 9.3324026974e-2 1.1584172138e-1 1.4151629092e-1 1.7014442766e-1 2.0132552427e-1 2.3444972297e-1 2.6870166077e-1 3.0308237958e-1 3.3645013830e-1 3.6757875204e-1 3.9522985007e-1 4.1823340659e-1 4.3556938125e-1
4.8600000000e0 4.4072093655e-1 4.4778218895e-1 4.4780699174e-1 4.4079419798e-1 4.2707272974e-1 4.0727599893e-1 3.8229343193e-1 3.5320426454e-1 3.2120046527e-1 2.8750642908e-1 2.5330290133e-1 2.1966153473e-1 1.8749476201e-1 1.5752357641e-1 1.3026366559e-1 1.0602842934e-1 8.4945942267e-2 6.6986020892e-2 5.1993241274e-2 3.9721963304e-2 2.9870025631e-2 2.2108623956e-2 1.6106818912e-2 1.1550004232e-2 8.1524058742e-3 5.6642255767e-3 3.8743752335e-3 2.6098903994e-3 1.7331008565e-3 1.1375213416e-3 7.4325330252e-4 4.9249894295e-4 3.4561110087e-4 2.7795434806e-4 2.7774104438e-4 3.4492912444e-4 4.9121795493e-4 7.4114242344e-4 1.1342292934e-3 1.7281295672e-3 2.6025638618e-3 3.8638063846e-3 5.6492851571e-3 8.1316985163e-3 1.1521858239e-2 1.6069297071e-2 2.2059562945e-2 2.9807110889e-2 3.9642844236e-2 5.1895688380e-2 6.6868121717e-2 8.4806327375e-2 1.0586651331e-1 1.3007988215e-1 1.5731958224e-1 1.8727358153e-1 2.1942761895e-1 2.5306207877e-1 2.8726573491e-1 3.2096784673e-1 3.5298817439e-1 3.8210233558e-1 4.0711783361e-1 4.2695436305e-1
4.9050000000e0 4.3370809080e-1 4.4379251828e-1 4.4702709106e-1 4.4326061417e-1 4.3266912236e-1 4.1574223827e-1 3.9324564356e-1 3.6616366955e-1 3.3562800040e-1 3.0283966915e-1 2.6899179029e-1 2.3519983400e-1 2.0244485913e-1 1.7153323453e-1 1.4307428981e-1 1.1747534263e-1 9.4951892940e-2 7.5549620331e-2 5.9174234163e-2 4.5625185688e-2 3.4629661114e-2 2.5873995904e-2 1.9030529587e-2 1.3778815130e-2 9.8208953611e-3 6.8909888172e-3 4.7603571306e-3 3.2383587639e-3 2.1707581453e-3 1.4362974560e-3 9.4239709409e-4 6.2067289534e-4 4.2277749555e-4 3.1691277948e-4 2.8523218992e-4 3.2225821862e-4 4.3437666257e-4 6.4042505599e-4 9.7335498934e-4 1.4829027985e-3 2.2391374074e-3 3.3366580906e-3 4.8990840735e-3 7.0833152948e-3 1.0082862157e-2 1.4129365535e-2 1.9491291472e-2 2.6468731101e-2 3.5383311971e-2 4.6562474023e-2 6.0317808776e-2 7.6917804829e-2 9.6556151868e-2 1.1931765355e-1 1.4514467212e-1 1.7380773069e-1 2.0488427896e-1 2.3774954862e-1 2.7158279426e-1 3.0539101884e-1 3.3805059348e-1 3.6836516987e-1 3.9513619967e-1 4.1724051566e-1
4.9500000000e0 4.2549753679e-1 4.3844380993e-1 4.4478692072e-1 4.4423345436e-1 4.3680914750e-1 4.2285690344e-1 4.0301053111e-1 3.7814700915e-1 3.4932228219e-1 3.1769713070e-1 2.8446033779e-1 2.5075616232e-1 2.1762210520e-1 1.8594132797e-1 1.5641211851e-1 1.2953479019e-1 1.0561461148e-1 8.4777989856e-2 6.6998289218e-2 5.2127362000e-2 3.9929067655e-2 3.0111611580e-2 2.2356329255e-2 1.6341414289e-2 1.1759921927e-2 8.3320813529e-3 5.8124702832e-3 3.9929303156e-3 2.7022468806e-3 1.8036185198e-3 1.1908402266e-3 7.8396858436e-4 5.2506002797e-4 3.7440565970e-4 3.0754380524e-4 3.1322193633e-4 3.9240136319e-4 5.5834366989e-4 8.3777571506e-4 1.2730867831e-3 1.9254539382e-3 2.8787087764e-3 4.2436438735e-3 6.1623101385e-3 8.8116855415e-3 1.2405920154e-2 1.7196211715e-2 2.3467278947e-2 3.1529420893e-2 4.1705322647e-2 5.4311123581e-2 6.9631815266e-2 8.7891763584e-2 1.0922199619e-1 1.3362676639e-1 1.6095266899e-1 1.9086409596e-1 2.2282893880e-1 2.5611806144e-1 2.8982113409e-1 3.2287996932e-1 3.5413866101e-1 3.8240780662e-1 4.0653816289e-1
4.9950000000e0 4.1618967856e-1 4.3181600250e-1 4.4113993130e-1 4.4373556071e-1 4.3948326311e-1 4.2857882929e-1 4.1151851978e-1 3.8906161544e-1 3.6217440384e-1 3.3196135490e-1 2.9959030100e-1 2.6621863694e-1 2.3292691969e-1 2.0066492395e-1 1.7021343025e-1 1.4216306408e-1 1.1690963939e-1 9.4663911894e-2 7.5472567508e-2 5.9246719467e-2 4.5794144620e-2 3.4851866770e-2 2.6116365317e-2 1.9269508696e-2 1.3999152355e-2 1.0014095533e-2 7.0536912657e-3 4.8928188261e-3 3.3431584004e-3 2.2517792611e-3 1.4980037208e-3 9.8938266909e-4 6.5745448205e-4 4.5378967686e-4 3.4667092101e-4 3.1863371555e-4 3.6499995324e-4 4.9347014758e-4 7.2479097949e-4 1.0944706219e-3 1.6554620194e-3 2.4816621196e-3 3.6719745244e-3 5.3545512270e-3 7.6906707848e-3 1.0877539676e-2 1.5149145304e-2 2.0774177499e-2 2.8050011623e-2 3.7291853296e-2 4.8816418525e-2 6.2919983931e-2 7.9851283797e-2 9.9780513985e-2 1.2276654946e-1 1.4872527983e-1 1.7740257959e-1 2.0835571569e-1 2.4094683403e-1 2.7435148539e-1 3.0758394802e-1 3.3953946156e-1 3.6905157638e-1 3.9496088120e-1
5.0400000000e0 4.0589013739e-1 4.2399769907e-1 4.3615117654e-1 4.4180350236e-1 4.4069673585e-1 4.3288158195e-1 4.1871353877e-1 3.9882608171e-1 3.7408370173e-1 3.4551964665e-1 3.1426460510e-1 2.8147316448e-1 2.4825463213e-1 2.1561382218e-1 1.8440586791e-1 1.5530727300e-1 1.2880353418e-1 1.0519199403e-1 8.4597299152e-2 6.6996046461e-2 5.2246917921e-2 4.0122776433e-2 3.0341717026e-2 2.2594804687e-2 1.6569049020e-2 1.1964950556e-2 8.5086193066e-3 5.9589645202e-3 4.1107712085e-3 2.7946269987e-3 1.8746735700e-3 1.2450704668e-3 8.2591614593e-4 5.5920705542e-4 4.0525691534e-4 3.3986175580e-4 3.5238871088e-4 4.4488712276e-4 6.3226224372e-4 9.4350397562e-4 1.4239131694e-3 2.1382038723e-3 3.1742718010e-3 4.6473020197e-3 6.7037437538e-3 9.5245175047e-3 1.3326659000e-2 1.8362475677e-2 2.4915231973e-2 3.3290430959e-2 4.3801960071e-2 5.6752744395e-2 7.2410107158e-2 9.0976748908e-2 1.1255906386e-1 1.3713531825e-1 1.6452689767e-1 1.9437625177e-1 2.2613519843e-1 2.5906680340e-1 2.9226309223e-1 3.2467942518e-1 3.5518460055e-1 3.8262385309e-1
5.0850000000e0 3.9470809441e-1 4.1508454767e-1 4.2989589171e-1 4.3848649883e-1 4.4046902427e-1 4.3575336845e-1 4.2455346682e-1 4.0737119471e-1 3.8495907381e-1 3.5826564067e-1 3.2836899962e-1 2.9640503088e-1 2.6349686891e-1 2.3069163624e-1 1.9890915481e-1 1.6890567825e-1 1.4125385093e-1 1.1633835377e-1 9.4365249007e-2 7.5382024790e-2 5.9304821418e-2 4.5949275948e-2 3.5061770129e-2 2.6348490283e-2 1.9500475717e-2 1.4213621877e-2 1.0203317702e-2 7.2139685764e-3 5.0240563273e-3 3.4476155419e-3 2.3330830733e-3 1.5604400794e-3 1.0374529947e-3 6.9566876525e-4 4.8666083665e-4 3.7887690184e-4 3.5531880858e-4 4.1219222548e-4 5.5859469709e-4 8.1725681541e-4 1.2263009268e-3 1.8419230011e-3 2.7418253933e-3 4.0291241578e-3 5.8363229466e-3 8.3287925911e-3 1.1707036641e-2 1.6206883454e-2 2.2096658530e-2 2.9670395591e-2 3.9236280325e-2 5.1099817445e-2 6.5541683913e-2 8.2790866642e-2 1.0299443762e-1 1.2618611381e-1 1.5225647402e-1 1.8092823153e-1 2.1174016114e-1 2.4404304665e-1 2.7701029231e-1 3.0966463973e-1 3.4092084073e-1 3.6964232462e-1
5.1300000000e0 3.8275470136e-1 4.0517762144e-1 4.2245799790e-1 4.3384519933e-1 4.3883296076e-1 4.3719670874e-1 4.2901032941e-1 4.1464063520e-1 3.9472010764e-1 3.7010073773e-1 3.4179365615e-1 3.1090050587e-1 2.7854302050e-1 2.4579700642e-1 2.1363597450e-1 1.8288820489e-1 1.5420929115e-1 1.2807044687e-1 1.0476129173e-1 8.4404632291e-2 6.6980009931e-2 5.2352519920e-2 4.0303562516e-2 3.0560670753e-2 2.2824247631e-2 1.6789813265e-2 1.2165102176e-2 8.6819826907e-3 6.1036477441e-3 4.2278345405e-3 2.8869801568e-3 1.9462395396e-3 1.3002181447e-3 8.6914150915e-4 5.9503150812e-4 4.3830914946e-4 3.7511247432e-4 3.9551247919e-4 5.0272935099e-4 7.1338937527e-4 1.0588096339e-3 1.5872414805e-3 2.3669337078e-3 3.4897838360e-3 5.0752272850e-3 7.2738722870e-3 1.0270234555e-2 1.4283780543e-2 1.9567381036e-2 2.6402243818e-2 3.5088473444e-2 4.5930631221e-2 5.9218060168e-2 7.5200296994e-2 9.4058586137e-2 1.1587527652e-1 1.4060362527e-1 1.6804113623e-1 1.9780989785e-1 2.2934734257e-1 2.6191034952e-1 2.9459463651e-1 3.2636998915e-1 3.5613018647e-1
5.1750000000e0 3.7014158324e-1 3.9438182906e-1 4.1392856604e-1 4.2795035095e-1 4.3583376030e-1 4.3722788938e-1 4.3207025558e-1 4.2059144212e-1 4.0329800156e-1 3.8093538490e-1 3.5443467559e-1 3.2484842821e-1 2.9328175755e-1 2.6082491881e-1 2.2849299732e-1 1.9717712055e-1 1.6761002047e-1 1.4034704873e-1 1.1576211114e-1 9.4056633415e-2 7.5278721873e-2 5.9349194821e-2 4.6091113938e-2 3.5259766519e-2 2.6570630505e-2 1.9723572897e-2 1.4422274721e-2 1.0388550283e-2 7.3717734655e-3 5.1540095020e-3 3.5516751781e-3 2.4146331149e-3 1.6235985216e-3 1.0866362472e-3 7.3538689421e-4 5.2151182429e-4 4.1370825979e-4 3.9552857304e-4 4.6414534074e-4 6.3013232227e-4 9.1827310758e-4 1.3693531456e-3 2.0428261406e-3 3.0201629632e-3 4.4085845717e-3 6.3447500308e-3 8.9978241639e-3 1.2571203029e-2 1.7302054471e-2 2.3457768113e-2 3.1328440827e-2 4.1214684815e-2 5.3410361651e-2 6.8180325040e-2 8.5733880507e-2 1.0619539369e-1 1.2957422080e-1 1.5573678923e-1 1.8438410225e-1 2.1503806331e-1 2.4703971989e-1 2.7956177177e-1 3.1163649462e-1 3.4219869313e-1
5.2200000000e0 3.5697945216e-1 3.8280438229e-1 4.0440427259e-1 4.2088138884e-1 4.3152788606e-1 4.3587622174e-1 4.3373320703e-1 4.2519424116e-1 4.1063626787e-1 3.9069017841e-1 3.6619547594e-1 3.3814173899e-1 3.0760256377e-1 2.7566810274e-1 2.4338203314e-1 2.1168787022e-1 1.8138815293e-1 1.5311839445e-1 1.2733603587e-1 1.0432317396e-1 8.4200709176e-2 6.6950862377e-2 5.2444754223e-2 4.0471884253e-2 3.0768795910e-2 2.3044856651e-2 1.7003802865e-2 1.2360396915e-2 8.8521432691e-3 6.2464679039e-3 4.3440646347e-3 2.9792626384e-3 2.0182963246e-3 1.3562956382e-3 9.1369686519e-4 6.3263220612e-4 4.7371467103e-4 4.1350859885e-4 4.4287224209e-4 5.6627710363e-4 8.0214329929e-4 1.1841719101e-3 1.7635934441e-3 2.6121761999e-3 3.8257423267e-3 5.5278203415e-3 7.8729250921e-3 1.1048812054e-2 1.5276923483e-2 2.0810158247e-2 2.7927089367e-2 3.6921858284e-2 4.8089221678e-2 6.1704630554e-2 7.7999776001e-2 9.7134707358e-2 1.1916835164e-1 1.4402994506e-1 1.7149441620e-1 2.0116501940e-1 2.3246640568e-1 2.6465077334e-1 2.9681875475e-1 3.2795533067e-1
5.2650000000e0 3.4337684765e-1 3.7055334402e-1 3.9398587601e-1 4.1272498034e-1 4.2598180258e-1 4.3318313057e-1 4.3401249685e-1 4.2843324422e-1 4.1669121261e-1 3.9929677264e-1 3.7698803534e-1 3.5067893265e-1 3.2139725388e-1 2.9021847718e-1 2.5820128655e-1 2.2633005135e-1 1.9546839463e-1 1.6632647949e-1 1.3944302049e-1 1.1518149395e-1 9.3738751191e-2 7.5163350729e-2 5.9380465405e-2 4.6220173618e-2 3.5446241368e-2 2.6783043504e-2 1.9938945861e-2 1.4625168684e-2 1.0569790016e-2 7.5270672069e-3 5.2826262549e-3 3.6552895698e-3 2.4963995607e-3 1.6874774122e-3 1.1369671393e-3 7.7668706409e-4 5.5847117884e-4 4.5135067466e-4 4.3951209999e-4 5.2117635594e-4 7.0846898819e-4 1.0282895764e-3 1.5241266829e-3 2.2586947644e-3 3.3171824487e-3 4.8107932654e-3 6.8801317165e-3 9.6978482704e-3 1.3469823538e-2 1.8434069657e-2 2.4856487184e-2 3.3022672510e-2 4.3225154928e-2 5.5745774642e-2 7.0833396173e-2 8.8677763789e-2 1.0938099616e-1 1.3292890693e-1 1.5916492434e-1 1.8776975413e-1 2.1824997953e-1 2.4993844275e-1 2.8200847215e-1 3.1350283898e-1
5.3100000000e0 3.2943901418e-1 3.5773627619e-1 3.8277674043e-1 4.0357355344e-1 4.1927064760e-1 4.2920110071e-1 4.3293411863e-1 4.3030603083e-1 4.2143219204e-1 4.0669858407e-1 3.8673396978e-1 3.6236539800e-1 3.3456144554e-1 3.0436861604e-1 2.7284668865e-1 2.4100850993e-1 2.0976883633e-1 1.7990551841e-1 1.5203477726e-1 1.2660077018e-1 1.0387826778e-1 8.3986210006e-2 6.6909253740e-2 5.2524183330e-2 4.0628185686e-2 3.0966409714e-2 2.3256830903e-2 1.7211118669e-2 1.2550862347e-2 9.0190811489e-3 6.3873811737e-3 4.4594134333e-3 3.0714376859e-3 2.0908303615e-3 1.4133218288e-3 9.5964124207e-4 6.7211535816e-4 5.1163367657e-4 4.5527072937e-4 4.9475417001e-4 6.3588447596e-4 8.9894338488e-4 1.3200651592e-3 1.9534777335e-3 2.8744409096e-3 4.1826101102e-3 6.0054357329e-3 8.5010754152e-3 1.1860162822e-2 1.6305663218e-2 2.2089981292e-2 2.9488502717e-2 3.8788879378e-2 5.0275633614e-2 6.4210069555e-2 8.0806028424e-2 1.0020267203e-1 1.2243615855e-1 1.4741269661e-1 1.7488592172e-1 2.0444172608e-1 2.3549350104e-1 2.6729016878e-1 2.9893839100e-1
5.3550000000e0 3.1526692307e-1 3.4445900285e-1 3.7088142916e-1 3.9352383768e-1 4.1147685288e-1 4.2399251058e-1 4.3053590969e-1 4.3082312697e-1 4.2484165067e-1 4.1285128424e-1 3.9536542907e-1 3.7311462510e-1 3.4699595661e-1 3.1801320213e-1 2.8721327763e-1 2.5562453567e-1 2.2420187999e-1 1.9378255568e-1 1.6505506049e-1 1.3854209680e-1 1.1459704486e-1 9.3412248080e-2 7.5036567697e-2 5.9399231131e-2 4.6336951348e-2 3.5621570171e-2 2.6985984184e-2 2.0146742999e-2 1.4822367704e-2 1.0747041443e-2 7.6798192757e-3 5.4098623610e-3 3.7584182515e-3 2.5783593528e-3 1.7520816776e-3 1.1884870988e-3 8.1965461247e-4 5.9767506899e-4 4.9199767990e-4 4.8752588907e-4 5.8360817042e-4 7.9399337057e-4 1.1477535929e-3 1.6911114188e-3 2.4900334827e-3 3.6333620277e-3 5.2361469826e-3 7.4427160014e-3 1.0428888606e-2 1.4402620653e-2 1.9602281622e-2 2.6291749676e-2 3.4751589351e-2 4.5265781145e-2 5.8103817255e-2 7.3498461238e-2 9.1620065693e-2 1.1254899825e-1 1.3624836386e-1 1.6253973283e-1 1.9108488495e-1 2.2137656521e-1 2.5274085039e-1 2.8435292738e-1
5.4000000000e0 3.0095644193e-1 3.3082450000e-1 3.5840438750e-1 3.8267544293e-1 4.0268874284e-1 4.1762838171e-1 4.2686657395e-1 4.3000740001e-1 4.2691495050e-1 4.1772308070e-1 4.0282580000e-1 3.8284925782e-1 3.5860810112e-1 3.3105044079e-1 3.0119660000e-1 2.7007713169e-1 2.3867528166e-1 2.0787821830e-1 1.7844010143e-1 1.5095860923e-1 1.2586508316e-1 1.0342716084e-1 8.3761777634e-2 6.6855802811e-2 5.2591346941e-2 4.0772896818e-2 3.1153823226e-2 2.3460369628e-2 1.7411865913e-2 1.2736532925e-2 9.1827843481e-3 6.5263516985e-3 4.5738404185e-3 3.1634755641e-3 2.1638347788e-3 1.4713222765e-3 1.0070406306e-3 7.1359456535e-4 5.5223405923e-4 5.0062697699e-4 5.5145084339e-4 7.1190951586e-4 1.0042087491e-3 1.4669572765e-3 2.1573883297e-3 3.1542127653e-3 4.5608144796e-3 6.5083817746e-3 9.1584414384e-3 1.2704139541e-2 1.7369515660e-2 2.3405972721e-2 3.1085183009e-2 4.0687820518e-2 5.2487790941e-2 6.6732048939e-2 8.3616632382e-2 1.0326016470e-1 1.2567671280e-1 1.5075045184e-1 1.7821497913e-1 2.0764024100e-1 2.3842981069e-1 2.6983064262e-1
5.4450000000e0 2.8659765165e-1 3.1693191986e-1 3.4544873014e-1 3.7112949835e-1 3.9299913802e-1 4.1018707287e-1 4.2198459140e-1 4.2789329172e-1 4.2766000531e-1 4.2129478991e-1 4.0907020997e-1 3.9150197627e-1 3.6931286093e-1 3.4338340564e-1 3.1469410399e-1 2.8426433302e-1 2.5309328989e-1 2.2210759685e-1 1.9211918796e-1 1.6379575317e-1 1.3764457837e-1 1.1400926948e-1 9.3077732043e-2 7.4898995454e-2 5.9406063465e-2 4.6441925393e-2 3.5786118513e-2 2.7179704479e-2 2.0347114913e-2 1.5013941282e-2 1.0920316409e-2 7.8300070141e-3 5.5356813040e-3 3.8610280249e-3 2.6604963050e-3 1.8174229617e-3 1.2412444083e-3 8.6438207110e-4 6.3926718393e-4 5.3585032481e-4 5.3983322698e-4 6.5176859000e-4 8.8709561379e-4 1.2771086940e-3 1.8707861140e-3 2.7373266899e-3 3.9691493056e-3 5.6850012633e-3 8.0327001917e-3 1.1190911588e-2 1.5369257803e-2 2.0805988722e-2 2.7762447933e-2 3.6513669389e-2 4.7334661676e-2 6.0482291777e-2 7.6173161183e-2 9.4558445339e-2 1.1569728832e-1 1.3953093134e-1 1.6586021333e-1 1.9432931726e-1 2.2441856361e-1 2.5544861568e-1
5.4900000000e0 2.7227430788e-1 3.0287575378e-1 3.3211514540e-1 3.5898737063e-1 3.8250398803e-1 4.0175294629e-1 4.1595704140e-1 4.2452591278e-1 4.2709673684e-1 4.2355971037e-1 4.1406582966e-1 3.9901619755e-1 3.7903391340e-1 3.5492129122e-1 3.2760649752e-1 2.9808454712e-1 2.6735785702e-1 2.3638123807e-1 2.0601537972e-1 1.7699169693e-1 1.4989003749e-1 1.2512937516e-1 1.0297040391e-1 8.3528019781e-2 6.6791098822e-2 5.2646762853e-2 4.0906433901e-2 3.1331341187e-2 2.3655671706e-2 1.7606153676e-2 1.2917449462e-2 9.3432483958e-3 6.6633513533e-3 4.6873125318e-3 3.2553536075e-3 2.2373095227e-3 1.5303293593e-3 1.0559680687e-3 7.5719077824e-4 5.9569116924e-4 5.4981246793e-4 6.1326045997e-4 7.9471312643e-4 1.1183568948e-3 1.6253081719e-3 2.3758030050e-3 3.4519507948e-3 4.9607464569e-3 7.0369206750e-3 9.8450875212e-3 1.3580537288e-2 1.8467941065e-2 2.4757208575e-2 3.2715799977e-2 4.2616960889e-2 5.4723643930e-2 6.9268301111e-2 8.6429260230e-2 1.0630499236e-1 1.2888817056e-1 1.5404192734e-1 1.8148104704e-1 2.1076089044e-1 2.4127657628e-1
5.5350000000e0 2.5806344155e-1 2.8874513479e-1 3.1850092430e-1 3.4634947710e-1 3.7130105562e-1 3.9241503187e-1 4.0885836693e-1 4.1996002398e-1 4.2525637293e-1 4.2452330792e-1 4.1779197736e-1 4.0534658811e-1 3.8770449958e-1 3.6558055032e-1 3.3983904469e-1 3.1143788973e-1 2.8136989879e-1 2.5060622991e-1 2.2004634611e-1 1.9047788180e-1 1.6254853338e-1 1.3675073845e-1 1.1341863903e-1 9.2735775632e-2 7.4751224874e-2 5.9401508584e-2 4.6535556513e-2 3.5940242123e-2 2.7364453050e-2 2.0540213931e-2 1.5199963957e-2 1.1089633624e-2 7.9776153199e-3 5.6600541207e-3 3.9630929426e-3 2.7428011861e-3 1.8835197520e-3 1.2952943080e-3 9.1096917359e-4 6.8339857692e-4 5.8311679080e-4 5.9670352843e-4 7.2598937133e-4 9.8816609824e-4 1.4167931474e-3 2.0636169121e-3 3.0010372117e-3 4.3249603725e-3 6.1576702073e-3 8.6502316528e-3 1.1983828304e-2 1.6369342585e-2 2.2044439442e-2 2.9267437903e-2 3.8307375434e-2 4.9429907389e-2 6.2879045528e-2 7.8855215417e-2 9.7490670494e-2 1.1882388568e-1 1.4277509029e-1 1.6912550063e-1 1.9750298844e-1 2.2737679625e-1
5.5800000000e0 2.4403509067e-1 2.7462327793e-1 3.0469911986e-1 3.3331420604e-1 3.5948867084e-1 3.8226571313e-1 4.0076910582e-1 4.1425892965e-1 4.2218060941e-1 4.2420272892e-1 4.2024003206e-1 4.1045938538e-1 3.9526812139e-1 3.7528589702e-1 3.5130277670e-1 3.2422748989e-1 2.9503057749e-1 2.6468735746e-1 2.3412531163e-1 2.0417970183e-1 1.7556009574e-1 1.4882918867e-1 1.2439401598e-1 1.0250851341e-1 8.3285511108e-2 6.6715702945e-2 5.2690927846e-2 4.1029199756e-2 3.1499261903e-2 2.3842935273e-2 1.7794094387e-2 1.3093658656e-2 9.5004759621e-3 6.7983595156e-3 4.7998040897e-3 3.3470562528e-3 2.3112614564e-3 1.5903823787e-3 1.1065036846e-3 8.0303220837e-4 6.4218752838e-4 6.0306880721e-4 6.8048601537e-4 8.8465796599e-4 1.2418023806e-3 1.7955683204e-3 2.6091819296e-3 3.7680870259e-3 5.3827602642e-3 7.5912688601e-3 1.0561025615e-2 1.4489096170e-2 1.9600347857e-2 2.6142723150e-2 3.4378999198e-2 4.4574580142e-2 5.6981173315e-2 7.1816621461e-2 8.9241678485e-2 1.0933508163e-1 1.3206882294e-1 1.5728597641e-1 1.8468370695e-1 2.1380409425e-1
5.6250000000e0 2.3025215414e-1 2.6058705403e-1 2.9079783828e-1 3.1997695294e-1 3.4716457079e-1 3.7139945601e-1 3.9177461386e-1 4.0749330887e-1 4.1792065905e-1 4.2262615924e-1 4.2141316604e-1 4.1433253038e-1 4.0167906083e-1 3.8397116020e-1 3.6191559579e-1 3.3636073918e-1 3.0824258306e-1 2.7852830704e-1 2.4816209040e-1 2.1801730131e-1 1.8885823387e-1 1.6131336460e-1 1.3586082504e-1 1.1282559267e-1 9.2386918200e-2 7.4593816779e-2 5.9386088555e-2 4.6618288547e-2 3.6084286985e-2 2.7540475046e-2 2.0726193685e-2 1.5380514844e-2 1.1255018247e-2 8.1226363549e-3 5.7829592493e-3 4.0645942830e-3 2.8252717828e-3 1.9503974754e-3 1.3506990590e-3 9.5952282008e-4 7.3022746371e-4 6.3401196555e-4 6.5841164515e-4 8.0660525389e-4 1.0975942251e-3 1.5672385730e-3 2.2700559438e-3 3.2816051002e-3 4.7011790440e-3 6.6544264354e-3 9.2954087441e-3 1.2807496593e-2 1.7402430025e-2 2.3316836694e-2 3.0805544103e-2 4.0131160135e-2 5.1549646271e-2 6.5291973942e-2 8.1542422801e-2 1.0041461597e-1 1.2192693625e-1 1.4597945587e-1 1.7233485705e-1 2.0060594134e-1
5.6700000000e0 2.1677035702e-1 2.4670669030e-1 2.7687966122e-1 3.0642927863e-1 3.3442483763e-1 3.5991159916e-1 3.8196380250e-1 3.9974000922e-1 4.1253621160e-1 4.1983204945e-1 4.2132591082e-1 4.1695561747e-1 4.0690271808e-1 3.9157997610e-1 3.7160325396e-1 3.4775046252e-1 3.2091138754e-1 2.9203289478e-1 2.6206418985e-1 2.3190647544e-1 2.0237058313e-1 1.7414508544e-1 1.4777617069e-1 1.2365934713e-1 1.0204197361e-1 8.3034795159e-2 6.6630149729e-2 5.2724318537e-2 4.1141584108e-2 3.1657877176e-2 2.4022357401e-2 1.7975803390e-2 1.3265212665e-2 9.6544765160e-3 6.9313628502e-3 4.9112966986e-3 3.4385750562e-3 2.3857044342e-3 1.6515276314e-3 1.1587347001e-3 8.5125419620e-4 6.9191250175e-4 6.6064350651e-4 7.5343446337e-4 9.8210735277e-4 1.3749555303e-3 1.9781773942e-3 2.8579664051e-3 4.1030255512e-3 5.8271729828e-3 8.1715974839e-3 1.1306216829e-2 1.5429504039e-2 2.0766096418e-2 2.7561513609e-2 3.6073407049e-2 4.6558963055e-2 5.9258393933e-2 7.4374870245e-2 9.2051747384e-2 1.1234847562e-1 1.3521709037e-1 1.6048158135e-1 1.8782265437e-1
5.7150000000e0 2.0363831559e-1 2.3304558975e-1 2.6302119602e-1 2.9275819189e-1 3.2136294395e-1 3.4789722121e-1 3.7142791189e-1 3.9108082684e-1 4.0609432889e-1 4.1586822777e-1 4.2000357313e-1 4.1832967037e-1 4.1091576966e-1 3.9806631260e-1 3.8030019141e-1 3.5831598965e-1 3.3294644925e-1 3.0510629572e-1 2.7573796222e-1 2.4575965716e-1 2.1601966415e-1 1.8725984743e-1 1.6009019932e-1 1.3497506289e-1 1.1223053982e-1 9.2031667967e-2 7.4427303593e-2 5.9360302446e-2 4.6690548999e-2 3.6218589461e-2 2.7708011915e-2 2.0905208742e-2 1.5555677204e-2 1.1416501511e-2 8.2650692746e-3 5.9043823828e-3 4.1655205166e-3 2.9079129416e-3 2.0180885640e-3 1.4075279715e-3 1.0101570001e-3 7.7991897843e-4 6.8875697895e-4 7.2523714855e-4 8.9395298616e-4 1.2157672253e-3 1.7288686272e-3 2.4905400361e-3 3.5794465732e-3 5.0981562759e-3 7.1755012350e-3 9.9682819151e-3 1.3661723230e-2 1.8468025860e-2 2.4622342006e-2 3.2375564355e-2 4.1983470706e-2 5.3692027457e-2 6.7719023178e-2 8.4232662221e-2 1.0332826172e-1 1.2500470810e-1 1.4914277088e-1 1.7548766422e-1
5.7600000000e0 1.9089769046e-1 2.1966025974e-1 2.4929274823e-1 2.7904555671e-1 3.0806891211e-1 3.3545009769e-1 3.6025933735e-1 3.8160129470e-1 3.9866829868e-1 4.1079092329e-1 4.1748151949e-1 4.1846675727e-1 4.1370615147e-1 4.0339482165e-1 3.8795022353e-1 3.6798410982e-1 3.4426234479e-1 3.1765625012e-1 2.8908978136e-1 2.5948697149e-1 2.2972374130e-1 2.0058743889e-1 1.7274645122e-1 1.4673107446e-1 1.2292568394e-1 1.0157123878e-1 8.2776386183e-2 6.6534948453e-2 5.2747392220e-2 4.1243963939e-2 3.1807472279e-2 2.4194133821e-2 1.8151398559e-2 1.3432168714e-2 9.8052660111e-3 7.0623551060e-3 5.0217791659e-3 3.5299086959e-3 2.4606593501e-3 1.7138184465e-3 1.2127553941e-3 9.0199903726e-4 7.4506192991e-4 7.2278938118e-4 8.3241586203e-4 1.0874241812e-3 1.5182211879e-3 2.1735629802e-3 3.1225777230e-3 4.4571417528e-3 6.2942643902e-3 8.7780331083e-3 1.2080573121e-2 1.6401399254e-2 2.1964502835e-2 2.9012544411e-2 3.7797635363e-2 4.8568403801e-2 6.1553357907e-2 7.6940974039e-2 9.4857420095e-2 1.1534333071e-1 1.3833151699e-1 1.6362784606e-1
5.8050000000e0 1.7858341524e-1 2.0660033931e-1 2.3575810949e-1 2.6536762175e-1 2.9462859077e-1 3.2266175738e-1 3.4855052476e-1 3.7138949918e-1 3.9033646976e-1 4.0466372215e-1 4.1380434965e-1 4.1738945990e-1 4.1527287504e-1 4.0754102032e-1 3.9450706876e-1 3.7668989495e-1 3.5477980905e-1 3.2959422436e-1 3.0202722243e-1 2.7299733710e-1 2.4339776454e-1 2.1405266328e-1 1.8568233256e-1 1.5887898026e-1 1.3409365530e-1 1.1163386212e-1 9.1670503939e-2 7.4252190901e-2 5.9324627409e-2 4.6752749622e-2 3.6343476455e-2 2.7867301254e-2 2.1077414277e-2 1.5725538074e-2 1.1574120384e-2 8.4049199748e-3 6.0243163268e-3 4.2658672620e-3 2.9907365909e-3 2.0866324908e-3 1.4658573944e-3 1.0629926753e-3 8.3264488940e-4 7.4757870500e-4 7.9746359138e-4 9.8837035252e-4 1.3430689998e-3 1.9020977545e-3 2.7254895295e-3 3.8949530973e-3 5.5162097464e-3 7.7210848737e-3 1.0668854946e-2 1.4546266202e-2 1.9565589802e-2 2.5960079595e-2 3.3976274282e-2 4.3862753297e-2 5.5855224838e-2 7.0158192306e-2 8.6923892791e-2 1.0622969075e-1 1.2805558695e-1 1.5226389926e-1
5.8500000000e0 1.6672398888e-1 1.9390871403e-1 2.2247445221e-1 2.5179466781e-1 2.8112304976e-1 3.0962064476e-1 3.3639294761e-1 3.6053494272e-1 3.8118108949e-1 3.9755647898e-1 4.0902497976e-1 4.1513021406e-1 4.1562568812e-1 4.1049130430e-1 3.9993471336e-1 3.8437738022e-1 3.6442666626e-1 3.4083650562e-1 3.1446022213e-1 2.8619959401e-1 2.5695437696e-1 2.2757615787e-1 1.9882970072e-1 1.7136397656e-1 1.4569397535e-1 1.2219331741e-1 1.0109673509e-1 8.2510770840e-2 6.6430584418e-2 5.2760587675e-2 4.1336703849e-2 3.1948325958e-2 2.4358458697e-2 1.8320999955e-2 1.3594588750e-2 9.9528665951e-3 7.1913369228e-3 5.1312474084e-3 3.6210629587e-3 2.5361541613e-3 1.7773151910e-3 1.2686670278e-3 9.5541576883e-4 8.0183772510e-4 7.8976392124e-4 9.1774251144e-4 1.2009698559e-3 1.6719975240e-3 2.3821393868e-3 3.4034161501e-3 4.8307816812e-3 6.7842769607e-3 9.4106585346e-3 1.2883959104e-2 1.7404373485e-2 2.3194842565e-2 3.0494751565e-2 3.9550285794e-2 5.0601209840e-2 6.3864157424e-2 7.9512926805e-2 9.7656741650e-2 1.1831791318e-1 1.4141076513e-1
5.8950000000e0 1.5534181969e-1 1.8162170721e-1 2.0949232150e-1 2.3839076695e-1 2.6762809169e-1 2.9641139297e-1 3.2387617567e-1 3.4912746771e-1 3.7128716322e-1 3.8954420522e-1 4.0320365676e-1 4.1173054001e-1 4.1478459354e-1 4.1224280108e-1 4.0420761293e-1 3.9100009406e-1 3.7313863769e-1 3.5130521137e-1 3.2630219827e-1 2.9900363624e-1 2.7030496900e-1 2.4107529293e-1 2.1211555328e-1 1.8412530627e-1 1.5767964143e-1 1.3321678588e-1 1.1103591539e-1 9.1303877708e-2 7.4068958917e-2 5.9279519708e-2 4.6805286991e-2 3.6459265594e-2 2.8018576706e-2 2.1242965801e-2 1.5890187925e-2 1.1727917251e-2 8.5422008570e-3 6.1427608598e-3 4.3656372341e-3 3.0737617417e-3 2.1560757771e-3 1.5257706715e-3 1.1181576237e-3 8.8858327818e-4 8.1070923398e-4 8.7537775391e-4 1.0901952069e-3 1.4798789957e-3 2.0873300113e-3 2.9753072020e-3 4.2284906105e-3 5.9556235954e-3 8.2913270695e-3 1.1397086315e-2 1.5460837036e-2 2.0694538794e-2 2.7329140314e-2 3.5606431559e-2 4.5767457039e-2 5.8037440285e-2 7.2607535109e-2 8.9614153729e-2 1.0911708678e-1 1.3107807176e-1
5.9400000000e0 1.4445360991e-1 1.6976933573e-1 1.9685571417e-1 2.2521364586e-1 2.5421387690e-1 2.8311420861e-1 3.1108704266e-1 3.3725625464e-1 3.6074135285e-1 3.8070595458e-1 3.9640692514e-1 4.0724018263e-1 4.1277924208e-1 4.1280307290e-1 4.0731073368e-1 3.9652143360e-1 3.8086001499e-1 3.6092919709e-1 3.3747110846e-1 3.1132152819e-1 2.8336075965e-1 2.5446513501e-1 2.2546280893e-1 1.9709681615e-1 1.6999744386e-1 1.4466493459e-1 1.2146251606e-1 1.0061886248e-1 8.2238409806e-2 6.6317520175e-2 5.2764325960e-2 4.1420156431e-2 3.2080710476e-2 2.4515524438e-2 1.8484729526e-2 1.3752539118e-2 1.0097306343e-2 7.3183156488e-3 5.2397043580e-3 3.7120507126e-3 2.6122238865e-3 1.8420852422e-3 1.3265777348e-3 1.0116599197e-3 8.6244743502e-4 8.6182864102e-4 1.0097280889e-3 1.3231032493e-3 1.8366748983e-3 2.6043065418e-3 3.7008600369e-3 5.2242615806e-3 7.2974160211e-3 1.0069513770e-2 1.3716193929e-2 1.8437974524e-2 2.4456354031e-2 3.2007046689e-2 4.1329953895e-2 5.2655705447e-2 6.6188927122e-2 8.2088790606e-2 1.0044784761e-1 1.2127059572e-1
5.9850000000e0 1.3407077013e-1 1.5837561956e-1 1.8460223417e-1 2.1231464487e-1 2.4094465655e-1 2.6980436808e-1 2.9810891742e-1 3.2500890447e-1 3.4963092965e-1 3.7112372447e-1 3.8870656657e-1 4.0171618129e-1 4.0964821680e-1 4.1218968201e-1 4.0923943964e-1 4.0091488437e-1 3.8754419131e-1 3.6964484841e-1 3.4789042995e-1 3.2306858437e-1 2.9603388418e-1 2.6765945634e-1 2.3879116641e-1 2.1020761356e-1 1.8258839263e-1 1.5649210920e-1 1.3234462007e-1 1.1043703135e-1 9.0932215129e-2 7.3878063870e-2 5.9225415703e-2 4.6848543072e-2 3.6566265430e-2 2.8162067884e-2 2.1402018922e-2 1.6049720364e-2 1.1877939634e-2 8.6769306083e-3 6.2597225976e-3 4.4648401814e-3 3.1570144696e-3 2.2264719709e-3 1.5873580626e-3 1.1757862482e-3 9.4791818457e-4 8.7838531889e-4 9.5926887978e-4 1.1997645186e-3 1.6265711244e-3 2.2849579643e-3 3.2403773032e-3 4.5803988795e-3 6.4166483123e-3 8.8863376000e-3 1.2152890664e-2 1.6405103185e-2 2.1854250215e-2 2.8728585451e-2 3.7264779929e-2 4.7696037756e-2 6.0236906491e-2 7.5065161508e-2 9.2301563948e-2 1.1198873176e-1
